id,date,tip,period,n_sentences,n_words,n_unique_lemmas,sent_len_mean,sent_len_std,sent_len_p95,word_len_mean,tree_depth_mean,tree_depth_max,ttr_lemma,mtld,func_ratio
2025-05-08_dezbatere-euronews-simion,2025-05-08,dezbatere-electorala,2025Q2 campanie + investitură,5,63,44,12.6,4.560701700396552,16,4.920634920634921,4.0,5,0.6984126984126984,49.875,0.5555555555555556
2024-12-16_anunt-candidatura,2024-12-16,anunt-candidatura,2024Q4-2025Q1 candidatură-precampanie,10,120,76,12.5,7.412451985979028,18,5.158333333333333,3.1818181818181817,7,0.6333333333333333,66.36726921632786,0.5416666666666666
2025-02-03_lansare-campanie-romania-onesta,2025-02-03,lansare-campanie,2024Q4-2025Q1 candidatură-precampanie,13,188,102,15.0,10.64581294844754,26,5.303191489361702,4.0,8,0.5425531914893617,47.0,0.5106382978723404
2025-05-19_discurs-victorie,2025-05-19,discurs-victorie,2025Q2 campanie + investitură,17,270,118,15.941176470588236,9.058632541913363,29,4.7407407407407405,4.588235294117647,9,0.43703703703703706,30.604072398190045,0.5481481481481482
2025-05-26_discurs-investitura,2025-05-26,discurs-investitura,2025Q2 campanie + investitură,25,1037,371,41.48,28.814232594327407,75,5.529411764705882,6.24,14,0.35776277724204436,40.199982110912345,0.49083895853423337
2025-06-04_conferinta-presa-cotroceni,2025-06-04,conferinta-presa,2025Q3 deficit + reforma economică,9,110,72,12.333333333333334,5.937171043518958,17,4.863636363636363,3.4444444444444446,6,0.6545454545454545,55.730537449268226,0.5
2025-09-04_autoevaluare-100-zile,2025-09-04,interviu-autoevaluare,2025Q4 stabilizare + diplomație,17,166,102,9.941176470588236,4.6699918125636755,16,4.63855421686747,3.2222222222222223,5,0.6144578313253012,53.84009386523634,0.5783132530120482
2025-12-31_mesaj-anul-nou,2025-12-31,mesaj-anul-nou,2025Q4-2026Q1 reformă judiciară,15,291,158,19.6,9.708611788363095,37,4.982817869415808,4.733333333333333,7,0.5429553264604811,75.53238432777691,0.5017182130584192
2024-12-04_political-studio-nicusor-dan-the-signal-is-good-even-if-it-i,2024-12-04,video-transcript,2024Q4-2025Q1 candidatură-precampanie,2,2453,546,1240.5,1655.3369747577078,70,4.185079494496535,17.5,28,0.22258459029759478,48.33958791818073,0.600896860986547
2024-12-16_nicusor-dan-despre-calin-georgescu-in-ceea-ce-priveste-conte,2024-12-16,video-transcript,2024Q4-2025Q1 candidatură-precampanie,1,70,50,70.0,0.0,70,4.828571428571428,9.0,9,0.7142857142857143,53.91544117647059,0.5571428571428572
2024-12-16_nicusor-dan-intentionez-sa-candidez-ca-independent-la-aleger,2024-12-16,video-transcript,2024Q4-2025Q1 candidatură-precampanie,1,710,260,716.0,0.0,716,4.857746478873239,24.0,24,0.36619718309859156,45.41288782816229,0.5732394366197183
2024-12-16_nicusor-dan-si-a-anuntat-candidatura-la-alegerile-prezidenti,2024-12-16,video-transcript,2024Q4-2025Q1 candidatură-precampanie,2,2531,546,1276.0,379.00923471598946,1008,4.582378506519162,26.0,28,0.21572500987751878,45.13045086269043,0.5748715922560252
2024-12-18_nicusor-dan-iesirea-unui-partid-din-coalitie-ne-ar-lasa-cu-u,2024-12-18,video-transcript,2024Q4-2025Q1 candidatură-precampanie,8,4252,718,539.75,560.4818717598532,981,4.312793979303857,13.875,23,0.16886171213546566,43.483768070470674,0.5787864534336783
2024-12-19_nicusor-dan-dupa-retragerea-psd-de-la-negocieri-sunt-surprin,2024-12-19,video-transcript,2024Q4-2025Q1 candidatură-precampanie,1,521,185,527.0,0.0,527,4.642994241842611,16.0,16,0.3550863723608445,33.049064817290535,0.5566218809980806
2024-12-23_nicusor-dan-despre-candidatura-lui-crin-antonescu-partidele,2024-12-23,video-transcript,2024Q4-2025Q1 candidatură-precampanie,2,561,225,284.5,190.21172413918129,150,4.566844919786096,13.5,17,0.40106951871657753,53.925581395348836,0.5329768270944741
2024-12-25_mesajul-lui-nicusor-dan-pentru-romani-stiri-b1tv-25-dec-2024,2024-12-25,video-transcript,2024Q4-2025Q1 candidatură-precampanie,1,203,116,206.0,0.0,206,4.699507389162561,10.0,10,0.5714285714285714,59.58161985957874,0.4975369458128079
2024-12-30_nicusor-dan-candidez-indiferent-de-ce-va-fi-stiri-b1tv-30-de,2024-12-30,video-transcript,2024Q4-2025Q1 candidatură-precampanie,1,221,101,223.0,0.0,223,4.529411764705882,18.0,18,0.45701357466063347,33.788546669413094,0.5294117647058824
2024-12-30_nicusor-dan-despre-calin-georgescu-stiri-b1tv-30-dec-2024,2024-12-30,video-transcript,2024Q4-2025Q1 candidatură-precampanie,3,641,222,214.33333333333334,335.83676590470753,29,4.355694227769111,11.666666666666666,27,0.3463338533541342,43.20327903906167,0.5756630265210608
2025-01-09_nicusor-dan-critica-decizia-coalitiei-privind-data-alegerilo,2025-01-09,video-transcript,2024Q4-2025Q1 candidatură-precampanie,2,529,198,267.0,98.99494936611666,197,4.780718336483932,13.0,15,0.3742911153119093,45.752846047451854,0.502835538752363
2025-01-13_nicusor-dan-explicatiile-privind-anularea-prezidentialelor-s,2025-01-13,video-transcript,2024Q4-2025Q1 candidatură-precampanie,1,129,74,132.0,0.0,132,4.294573643410852,8.0,8,0.5736434108527132,46.12867629889608,0.5813953488372093
2025-01-18_nicusor-dan-cere-explicatii-pentru-anulare-stiri-b1tv-18-ian,2025-01-18,video-transcript,2024Q4-2025Q1 candidatură-precampanie,3,217,104,73.0,85.56284240252891,49,4.548387096774194,5.0,8,0.4792626728110599,42.00265151515151,0.5345622119815668
2025-01-30_nicusor-dan-despre-alegerile-prezidentiale-daca-va-castiga-g,2025-01-30,video-transcript,2024Q4-2025Q1 candidatură-precampanie,2,167,94,85.0,4.242640687119285,82,4.131736526946108,8.5,11,0.562874251497006,54.62238681988094,0.6107784431137725
2025-02-04_nicusor-dan-declara-iar-ca-nu-se-retrage-din-cursa-in-turul,2025-02-04,video-transcript,2024Q4-2025Q1 candidatură-precampanie,1,90,52,92.0,0.0,92,4.122222222222222,10.0,10,0.5777777777777777,42.74096385542168,0.6666666666666666
2025-02-05_nicusor-dan-cand-statul-se-imprumuta-ca-sa-plateasca-deficit,2025-02-05,video-transcript,2024Q4-2025Q1 candidatură-precampanie,4,377,161,95.75,103.42589939984407,152,4.201591511936339,6.0,11,0.4270557029177719,61.805835240274604,0.5543766578249337
2025-02-05_nicusor-dan-despre-scandalul-nordis-mult-din-ce-se-construie,2025-02-05,video-transcript,2024Q4-2025Q1 candidatură-precampanie,9,5352,955,606.6666666666666,585.2520824396954,1277,4.38677130044843,17.11111111111111,24,0.17843796711509716,44.3126459753134,0.5827727952167414
2025-02-08_nicusor-dan-reactie-in-scandalul-cu-lasconi-stiri-b1tv-8-feb,2025-02-08,video-transcript,2024Q4-2025Q1 candidatură-precampanie,2,112,64,56.5,77.07463914933368,2,4.321428571428571,6.5,12,0.5714285714285714,50.7103274559194,0.5982142857142857
2025-02-16_nicusor-dan-vrem-sa-cumparam-inca-250-de-tramvaie-si-sa-mode,2025-02-16,video-transcript,2024Q4-2025Q1 candidatură-precampanie,3,305,135,106.0,111.30139262381222,80,4.829508196721312,8.666666666666666,12,0.4426229508196721,54.40233855965984,0.49508196721311476
2025-02-24_nicusor-dan-despre-demisia-lui-ciolacu-stiri-b1tv-24-febr-20,2025-02-24,video-transcript,2024Q4-2025Q1 candidatură-precampanie,1,173,95,173.0,0.0,173,4.913294797687861,8.0,8,0.5491329479768786,53.71689497716895,0.5491329479768786
2025-02-26_nicusor-dan-despre-dovezile-pe-care-vrea-sa-le-vada-in-legat,2025-02-26,video-transcript,2024Q4-2025Q1 candidatură-precampanie,2,210,102,107.0,114.5512985522207,26,4.161904761904762,10.5,12,0.4857142857142857,43.67695099818512,0.5857142857142857
2025-02-27_nicusor-dan-despre-inculparea-lui-calin-georgescu-trebuie-sa,2025-02-27,video-transcript,2024Q4-2025Q1 candidatură-precampanie,2,555,201,279.0,258.8010819142764,96,4.538738738738739,13.0,15,0.3621621621621622,46.45326859114367,0.5477477477477477
2025-02-27_sume-uriase-si-tehnologie-avansata-nicusor-dan-despre-campan,2025-02-27,video-transcript,2024Q4-2025Q1 candidatură-precampanie,1,139,75,139.0,0.0,139,4.474820143884892,9.0,9,0.539568345323741,44.73339296278559,0.5467625899280576
2025-03-07_nicusor-dan-candidatura-mea-este-candidatura-celor-240-de-mi,2025-03-07,video-transcript,2025Q2 campanie + investitură,1,130,69,132.0,0.0,132,4.461538461538462,11.0,11,0.5307692307692308,34.028160669718204,0.6
2025-03-07_nicusor-dan-fata-de-aceasta-decizie-a-ccr-ne-invartim-in-cee,2025-03-07,video-transcript,2025Q2 campanie + investitură,1,158,86,158.0,0.0,158,4.753164556962025,10.0,10,0.5443037974683544,66.6904432132964,0.5632911392405063
2025-03-07_nicusor-dan-primul-candidat-care-s-a-inscris-oficial-la-prez,2025-03-07,video-transcript,2025Q2 campanie + investitură,1,89,53,90.0,0.0,90,4.53932584269663,8.0,8,0.5955056179775281,30.660123171670516,0.6067415730337079
2025-03-14_buna-romania-nicusor-dan-romania-e-un-stat-bolnav-bec-trebui,2025-03-14,video-transcript,2025Q2 campanie + investitură,8,3106,660,392.5,437.6733942107973,387,4.372504829362524,14.0,28,0.21249195106245974,37.892986779716274,0.5824211204121056
2025-03-14_nicusor-dan-despre-premierul-ciolacu-este-evident-ca-toata-l,2025-03-14,video-transcript,2025Q2 campanie + investitură,1,430,175,435.0,0.0,435,4.518604651162791,14.0,14,0.4069767441860465,41.25226714005995,0.541860465116279
2025-03-19_nicusor-dan-am-discutat-cu-bolojan-la-cotroceni-despre-alege,2025-03-19,video-transcript,2025Q2 campanie + investitură,3,1343,358,454.3333333333333,331.97339250809443,425,4.147431124348474,14.0,18,0.2665673864482502,35.8197012802276,0.5941921072226359
2025-04-01_nicusor-dan-criticat-dur-dupa-declaratia-despre-introducerea,2025-04-01,video-transcript,2025Q2 campanie + investitură,78,1175,398,15.192307692307692,17.71422327661324,46,4.3421276595744684,3.6835443037974684,12,0.33872340425531916,49.14209476705939,0.5497872340425531
2025-04-02_nicusor-dan-ar-putea-fi-un-presedinte-care-sa-aduca-prestigi,2025-04-02,video-transcript,2025Q2 campanie + investitură,5,70,53,14.2,3.03315017762062,16,5.371428571428571,4.0,6,0.7571428571428571,69.81496649292627,0.44285714285714284
2025-04-08_crin-antonescu-il-troleaza-pe-nicusor-dan-nu-mananc-medenele,2025-04-08,video-transcript,2025Q2 campanie + investitură,4,56,45,14.25,9.358596760910972,17,4.285714285714286,2.75,5,0.8035714285714286,56.766230457440656,0.5357142857142857
2025-04-11_lasconi-arata-mesajul-de-la-nicusor-dan-cand-ii-cere-sa-se-v,2025-04-11,video-transcript,2025Q2 campanie + investitură,6,141,80,23.666666666666668,32.24696368135559,21,3.99290780141844,3.6666666666666665,7,0.5673758865248227,60.708333333333336,0.624113475177305
2025-05-02_nicusor-dan-mesaj-pentru-romani-sa-aleaga-pe-cei-care-au-dov,2025-05-02,video-transcript,2025Q2 campanie + investitură,11,202,100,18.636363636363637,20.284342371754263,43,4.297029702970297,4.636363636363637,12,0.49504950495049505,36.358435523428426,0.5891089108910891
2025-05-04_nicusor-dan-am-votat-pentru-speranta-si-pentru-un-nou-incepu,2025-05-04,video-transcript,2025Q2 campanie + investitură,11,145,71,13.272727272727273,12.86927277736321,23,4.427586206896552,3.727272727272727,7,0.4896551724137931,46.30592841163311,0.6137931034482759
2025-05-04_nicusor-dan-o-sa-fie-o-disputa-intre-un-candidat-pro-occiden,2025-05-04,video-transcript,2025Q2 campanie + investitură,32,669,234,21.21875,20.325947781734715,57,4.426008968609866,4.375,10,0.34977578475336324,44.16343339836821,0.5560538116591929
2025-05-04_nicusor-dan-sa-ne-raportam-cu-pruden-a-la-rezultatele-exit-p,2025-05-04,video-transcript,2025Q2 campanie + investitură,10,240,111,24.2,12.336035739968402,37,4.783333333333333,6.4,11,0.4625,50.24513461583176,0.6083333333333333
2025-05-05_exclusiv-nicusor-dan-dupa-turul-i-al-prezidentialelor-urmeaz,2025-05-05,video-transcript,2025Q2 campanie + investitură,5,167,87,34.2,19.018412131405714,45,5.191616766467066,5.6,7,0.5209580838323353,25.960850269451587,0.5029940119760479
2025-05-05_nicusor-dan-despre-turul-doi-ii-chem-pe-toti-romanii-sa-fie,2025-05-05,video-transcript,2025Q2 campanie + investitură,16,242,104,15.5625,19.595811627318053,37,4.487603305785124,3.5,7,0.4297520661157025,35.42761522279595,0.6074380165289256
2025-05-06_apelul-lui-nicusor-dan-dupa-evolutiile-pietei-financiare-din,2025-05-06,video-transcript,2025Q2 campanie + investitură,6,204,104,35.333333333333336,24.303634844744245,58,4.862745098039215,5.285714285714286,9,0.5098039215686274,42.596891191709844,0.5294117647058824
2025-05-07_editie-speciala-nicusor-dan-anunta-ca-accepta-invitatia-lui,2025-05-07,video-transcript,2025Q2 campanie + investitură,206,3723,819,18.37864077669903,16.940709522304832,51,4.453934998656997,4.019230769230769,12,0.2199838839645447,52.66050485751494,0.5600322320709106
2025-05-07_interviu-nicusor-dan-despre-criza-economica-in-care-poate-in,2025-05-07,video-transcript,2025Q2 campanie + investitură,92,1959,475,21.641304347826086,18.26940126155767,55,4.588055130168454,4.494623655913978,15,0.24247064828994386,40.87130763688761,0.5416028586013272
2025-05-07_nicusor-dan-despre-planul-lui-simion-de-concediere-a-bugetar,2025-05-07,video-transcript,2025Q2 campanie + investitură,3,69,42,24.0,18.520259177452136,23,4.6521739130434785,5.0,6,0.6086956521739131,23.944986072423397,0.5362318840579711
2025-05-07_nicusor-dan-interviu-exclusiv-pentru-euronews-romania,2025-05-07,video-transcript,2025Q2 campanie + investitură,5,136,64,28.0,20.211382931407737,40,4.1838235294117645,6.2,11,0.47058823529411764,32.25650054171181,0.6323529411764706
2025-05-07_nicusor-dan-romania-are-nevoie-de-schimbare-dar-nu-una-care,2025-05-07,video-transcript,2025Q2 campanie + investitură,8,99,57,12.5,8.315218406202998,24,4.838383838383838,4.25,6,0.5757575757575758,33.671606176404474,0.47474747474747475
2025-05-07_nicusor-dan-romania-are-nevoie-de-schimbare-dar-nu-una-care_yMbfqR,2025-05-07,video-transcript,2025Q2 campanie + investitură,7,98,57,14.142857142857142,8.071112509614592,22,4.8979591836734695,4.571428571428571,8,0.5816326530612245,38.7522704688836,0.46938775510204084
2025-05-10_nicusor-dan-nu-poti-sa-dai-afara-500-000-de-oameni-e-imposib,2025-05-10,video-transcript,2025Q2 campanie + investitură,16,202,91,13.25,7.362064927722384,25,4.252475247524752,3.625,6,0.4504950495049505,24.21516393442623,0.6138613861386139
2025-05-14_nicusor-dan-dau-in-scris-ca-tva-nu-va-creste,2025-05-14,video-transcript,2025Q2 campanie + investitură,6,96,62,16.333333333333332,18.12916618784953,31,3.9375,3.5,8,0.6458333333333334,31.105582335562126,0.53125
2025-05-15_educatia-e-o-problema-de-securitate-nationala-nicusor-dan-ce,2025-05-15,video-transcript,2025Q2 campanie + investitură,11,272,117,24.90909090909091,20.04721699116636,44,4.4411764705882355,5.2727272727272725,10,0.43014705882352944,53.245342962575826,0.49264705882352944
2025-05-15_nicusor-dan-nu-sunt-izolationist-sunt-suveranist-ce-a-spus-c,2025-05-15,video-transcript,2025Q2 campanie + investitură,6,91,62,15.666666666666666,9.563820714895625,20,5.472527472527473,3.6666666666666665,5,0.6813186813186813,57.957084386661855,0.5384615384615384
2025-05-15_nicusor-dan-prima-reactie-dupa-jignirea-lui-simion-n-dan-con,2025-05-15,video-transcript,2025Q2 campanie + investitură,4,80,55,20.0,4.396968652757639,22,4.65,5.5,7,0.6875,59.05169909962242,0.525
2025-05-15_nicusor-dan-vs-george-simion-cele-mai-importante-momente-din,2025-05-15,video-transcript,2025Q2 campanie + investitură,28,528,206,19.071428571428573,16.619775305849693,50,4.583333333333333,4.607142857142857,9,0.39015151515151514,38.45270741343249,0.5681818181818182
2025-05-16_fiul-lui-ratiu-mesaj-pentru-nicusor-dan-b1tv-16-mai-2025,2025-05-16,video-transcript,2025Q2 campanie + investitură,7,58,42,8.428571428571429,3.359421718944242,11,4.5344827586206895,3.0,4,0.7241379310344828,58.435,0.5344827586206896
2025-05-18_alegeri-prezidentiale-2025-mesajul-lui-nicusor-dan-dupa-apar,2025-05-18,video-transcript,2025Q2 campanie + investitură,12,363,140,30.333333333333332,15.847760572128642,54,4.953168044077135,6.583333333333333,14,0.3856749311294766,28.096682440596055,0.5454545454545454
2025-05-18_nicusor-dan-am-votat-pentru-o-directie-europeana-nu-pentru-i,2025-05-18,video-transcript,2025Q2 campanie + investitură,3,50,37,17.333333333333332,15.17673658377628,20,4.22,5.0,9,0.74,53.846153846153854,0.56
2025-05-18_nicusor-dan-dupa-ce-a-castigat-alegerile-prezidentiale-e-vic,2025-05-18,video-transcript,2025Q2 campanie + investitură,15,233,106,15.6,9.053807407462816,28,4.763948497854077,4.066666666666666,8,0.45493562231759654,30.503939327000957,0.5321888412017167
2025-05-18_nicusor-dan-incepem-o-noua-etapa-de-maine-la-munca-sustinato,2025-05-18,video-transcript,2025Q2 campanie + investitură,30,330,124,11.0,11.188047809743372,29,4.745454545454545,3.2,8,0.37575757575757573,19.87411909338043,0.48484848484848486
2025-05-18_romania-alege-cu-l-chiriac-discursul-presedintelui-nicusor-d,2025-05-18,video-transcript,2025Q2 campanie + investitură,31,452,172,14.64516129032258,12.281553612625112,40,4.9402654867256635,3.774193548387097,10,0.3805309734513274,26.46171271113061,0.5265486725663717
2025-05-19_nicusor-dan-despre-scenariul-unei-victorii-a-lui-george-simi,2025-05-19,video-transcript,2025Q2 campanie + investitură,19,287,145,15.263157894736842,11.859558288866307,32,4.651567944250871,3.8947368421052633,8,0.5052264808362369,37.365884736016724,0.49825783972125437
2025-05-19_nicusor-dan-despre-viitorul-premier-bolojan-ramane-optiunea,2025-05-19,video-transcript,2025Q2 campanie + investitură,14,220,116,15.785714285714286,16.460575611154958,42,4.368181818181818,3.642857142857143,8,0.5272727272727272,49.72693173293324,0.5409090909090909
2025-05-20_nicusor-dan-despre-planurile-pentru-romania-stiri-b1tv-20-ma,2025-05-20,video-transcript,2025Q2 campanie + investitură,12,199,101,17.083333333333332,17.552302792891116,43,4.517587939698492,3.75,7,0.507537688442211,36.59952567602605,0.5376884422110553
2025-05-22_ce-spune-nicusor-dan-despre-relatiile-romaniei-cu-sua-si-ue,2025-05-22,video-transcript,2025Q2 campanie + investitură,85,1759,484,20.95294117647059,16.521923301475283,43,4.718021603183627,4.6395348837209305,10,0.27515633882888,45.01281245636085,0.5247299602046618
2025-05-22_nicusor-dan-anunta-primele-masuri-dupa-ce-a-fost-validat,2025-05-22,video-transcript,2025Q2 campanie + investitură,1,15,15,15.0,0.0,15,5.2,6.0,6,1.0,0.0,0.5333333333333333
2025-05-22_nicusor-dan-daca-sunt-amenintari-institutiile-isi-vor-face-d,2025-05-22,video-transcript,2025Q2 campanie + investitură,5,64,46,12.8,7.259476565152615,17,4.6875,3.4,5,0.71875,54.90909090909091,0.5
2025-05-22_nicusor-dan-despre-cum-va-evita-romania-atacurile-hibride-tr,2025-05-22,video-transcript,2025Q2 campanie + investitură,4,74,61,18.75,16.45954636879968,29,4.851351351351352,4.25,7,0.8243243243243243,82.16633754305398,0.40540540540540543
2025-05-22_nicusor-dan-despre-subventiile-pentru-partide-b1tv-22-mai-20,2025-05-22,video-transcript,2025Q2 campanie + investitură,21,430,162,20.666666666666668,16.41747036949765,46,4.293023255813954,4.454545454545454,8,0.3767441860465116,44.20358188622268,0.5883720930232558
2025-05-22_nicusor-dan-o-tinta-realista-de-deficit-este-7-5-din-pib,2025-05-22,video-transcript,2025Q2 campanie + investitură,7,126,70,18.857142857142858,12.321100754783389,31,4.420634920634921,3.75,6,0.5555555555555556,37.638527257933276,0.5396825396825397
2025-05-22_nicusor-dan-statul-roman-trebuie-sa-rezolve-obstacolele-pe-c,2025-05-22,video-transcript,2025Q2 campanie + investitură,15,287,120,19.4,12.97139710505938,41,4.379790940766551,4.8,10,0.4181184668989547,43.414660174748214,0.5958188153310104
2025-05-22_nicusor-dan-trebuie-sa-lamurim-anularea-alegerilor-de-anul-t,2025-05-22,video-transcript,2025Q2 campanie + investitură,3,84,61,28.0,5.196152422706632,31,5.214285714285714,5.0,6,0.7261904761904762,64.75725752508362,0.47619047619047616
2025-05-22_nicusor-dan-urmeaza-un-nou-capitol-in-istoria-recenta-si-con,2025-05-22,video-transcript,2025Q2 campanie + investitură,6,92,62,15.333333333333334,9.287985070329661,24,5.130434782608695,4.166666666666667,7,0.6739130434782609,54.60945945945946,0.5652173913043478
2025-05-23_nicusor-dan-propune-o-tinta-de-deficit-bugetar-de-7-5-din-pi,2025-05-23,video-transcript,2025Q2 campanie + investitură,5,146,82,30.4,15.820872289478858,39,4.513698630136986,5.4,7,0.5616438356164384,44.06968933669185,0.4931506849315068
2025-05-24_nicusor-dan-e-un-deficit-de-implicare-in-politica-statul-est,2025-05-24,video-transcript,2025Q2 campanie + investitură,9,227,108,25.555555555555557,11.886032886450288,37,4.621145374449339,5.6,10,0.47577092511013214,39.75601092896175,0.6211453744493393
2025-05-26_live-investirea-lui-nicusor-dan-juramantul-de-la-parlament-s,2025-05-26,video-transcript,2025Q2 campanie + investitură,118,2586,683,22.110169491525422,21.06107678934253,62,4.736272235112143,4.630252100840337,17,0.26411446249033255,41.846473494623865,0.5359628770301624
2025-05-26_nicusor-dan-oficial-presedintele-romaniei-ceremonia-de-inves,2025-05-26,video-transcript,2025Q2 campanie + investitură,113,2395,630,21.336283185840706,16.939287923276503,54,5.0897703549060545,4.8584070796460175,15,0.2630480167014614,41.22389497935927,0.5227557411273487
2025-05-26_nicusor-dan-reformele-fiscale-sunt-inevitabile-e-obligatoriu,2025-05-26,video-transcript,2025Q2 campanie + investitură,47,920,284,19.893617021276597,17.95675244502407,53,4.5271739130434785,4.446808510638298,15,0.30869565217391304,38.845219244821166,0.5695652173913044
2025-05-26_stirile-kanal-d-exclusiv-nicusor-dan-primul-discurs-ca-prese,2025-05-26,video-transcript,2025Q2 campanie + investitură,37,794,303,21.45945945945946,13.158424835220368,46,5.405541561712846,5.027027027027027,11,0.38161209068010077,40.593290441886325,0.4811083123425693
2025-05-27_nicusor-dan-despre-fetita-sa-mi-a-zis-ca-m-am-plictisit-la-d,2025-05-27,video-transcript,2025Q2 campanie + investitură,11,90,65,8.272727272727273,5.255300354706838,14,4.655555555555556,2.909090909090909,5,0.7222222222222222,90.0,0.4
2025-05-28_mesajul-lui-nicusor-dan-inainte-de-consultarile-de-la-cotroc,2025-05-28,video-transcript,2025Q2 campanie + investitură,6,48,37,8.333333333333334,4.96655480858378,11,4.458333333333333,3.0,6,0.7708333333333334,0.0,0.5416666666666666
2025-05-29_nicusor-dan-explica-de-ce-nu-vrea-un-premier-tehnocrat-in-vi,2025-05-29,video-transcript,2025Q2 campanie + investitură,28,383,150,13.821428571428571,12.878502246217147,35,4.402088772845953,3.75,10,0.391644908616188,51.82332126714165,0.5744125326370757
2025-05-30_nicusor-dan-dupa-decizia-ccr-privind-declaratiile-de-avere-d,2025-05-30,video-transcript,2025Q2 campanie + investitură,5,73,49,14.6,11.058933040759403,20,4.589041095890411,4.4,6,0.6712328767123288,44.8964700307984,0.5068493150684932
2025-05-30_nicusor-dan-primele-discutii-cu-partidele-privind-formarea-g,2025-05-30,video-transcript,2025Q2 campanie + investitură,5,81,53,16.2,6.1400325732035,21,4.518518518518518,4.0,5,0.654320987654321,46.06875000000001,0.5555555555555556
2025-05-30_presedintele-nicusor-dan-l-am-invitat-pe-donald-trump-in-rom,2025-05-30,video-transcript,2025Q2 campanie + investitură,4,50,36,12.5,13.025615788386615,12,4.62,3.0,4,0.72,25.065279962018934,0.44
2025-06-02_briefing-nicusor-dan-avem-un-stat-disfunctional-si-trebuie-s,2025-06-02,video-transcript,2025Q3 deficit + reforma economică,69,1223,408,17.942028985507246,16.149926295562114,35,4.308258381030253,4.333333333333333,15,0.3336058871627146,51.17138845553822,0.5519215044971382
2025-06-02_conferinta-presa-nicusor-dan-concluzii-summit-si-situatia-di,2025-06-02,video-transcript,2025Q3 deficit + reforma economică,77,1544,436,20.493506493506494,16.240481727868996,56,4.47279792746114,4.3896103896103895,11,0.2823834196891192,47.47248135040352,0.5563471502590673
2025-06-03_nicusor-dan-anunturi-de-ultima-ora-despre-situatia-economica,2025-06-03,video-transcript,2025Q3 deficit + reforma economică,8,151,71,19.125,12.900027685463092,24,4.311258278145695,3.6666666666666665,7,0.47019867549668876,32.49576802507837,0.6026490066225165
2025-06-03_nicusor-dan-cere-implicarea-serviciilor-secrete-pentru-a-com,2025-06-03,video-transcript,2025Q3 deficit + reforma economică,5,152,93,31.0,14.071247279470288,38,4.7631578947368425,6.0,7,0.6118421052631579,60.24242424242425,0.48026315789473684
2025-06-03_romania-lui-vitalie-nicusor-dan-cere-implicarea-serviciilor,2025-06-03,video-transcript,2025Q3 deficit + reforma economică,150,3497,847,23.54,20.605475912579468,62,4.669144981412639,4.592105263157895,14,0.2422076065198742,50.251910933687554,0.5387474978553045
2025-06-04_conferinta-de-presa-sustinuta-de-presedintele-romaniei-nicus_74PzSE,2025-06-04,video-transcript,2025Q3 deficit + reforma economică,235,4652,755,20.038297872340426,16.40755706113228,51,4.516337059329321,4.582978723404255,19,0.1622957867583835,44.41379499995613,0.5599742046431643
2025-06-04_nicusor-dan-amenintarea-ruseasca-vizeaza-toata-europa-relati,2025-06-04,video-transcript,2025Q3 deficit + reforma economică,7,182,98,26.0,10.661457061146317,32,4.851648351648351,5.714285714285714,9,0.5384615384615384,63.13039171999566,0.510989010989011
2025-06-04_nicusor-dan-despre-cheltuielile-statului-platim-o-pizza-medi,2025-06-04,video-transcript,2025Q3 deficit + reforma economică,3,64,48,21.333333333333332,18.44812546936228,26,4.0625,4.666666666666667,7,0.75,53.00687268232386,0.46875
2025-06-04_nicusor-dan-despre-situatia-bugetului,2025-06-04,video-transcript,2025Q3 deficit + reforma economică,8,116,73,14.5,9.621404708847278,24,4.198275862068965,3.75,6,0.6293103448275862,54.840184930651006,0.5
2025-06-04_nicusor-dan-luni-vom-avea-o-prima-schita-a-programului-de-gu,2025-06-04,video-transcript,2025Q3 deficit + reforma economică,5,56,42,11.2,4.969909455915671,10,5.017857142857143,2.8333333333333335,5,0.75,62.720000000000006,0.5
2025-06-04_zamfir-si-buzaianu-au-comentat-conferinta-de-presa-a-lui-nic,2025-06-04,video-transcript,2025Q3 deficit + reforma economică,12,109,63,9.083333333333334,7.366488411390566,22,4.018348623853211,2.8333333333333335,5,0.5779816513761468,45.01578285880021,0.5412844036697247
2025-06-05_alocutiunea-presedintelui-romaniei-nicusor-dan-la-forumul-na,2025-06-05,video-transcript,2025Q3 deficit + reforma economică,13,411,168,31.692307692307693,33.97397193780511,50,4.822384428223844,6.3076923076923075,11,0.40875912408759124,46.67048217179902,0.5401459854014599
2025-06-09_nicusor-dan-taxele-pe-tranzactii-bancare-doar-scenarii-guver,2025-06-09,video-transcript,2025Q3 deficit + reforma economică,13,112,61,8.615384615384615,5.694126528544736,17,4.133928571428571,3.076923076923077,6,0.5446428571428571,33.57337534897863,0.5446428571428571
2025-06-10_conferinta-sustinuta-de-presedinta-moldovei-maia-sandu-si-pr,2025-06-10,video-transcript,2025Q3 deficit + reforma economică,38,890,327,23.68421052631579,26.304973595241883,71,5.061797752808989,4.605263157894737,13,0.36741573033707864,58.63462001978975,0.501123595505618
2025-06-10_nicusor-dan-a-confirmat-continuarea-sprijinului-romaniei-pen,2025-06-10,video-transcript,2025Q3 deficit + reforma economică,8,135,85,17.0,8.94427190999916,27,5.37037037037037,4.25,7,0.6296296296296297,65.0739503816794,0.48148148148148145
2025-06-10_studio-politic-nicusor-dan-romania-sprijina-aderarea-republi,2025-06-10,video-transcript,2025Q3 deficit + reforma economică,19,553,223,29.263157894736842,35.99975633445803,88,5.112115732368897,5.315789473684211,13,0.40325497287522605,60.14040767386091,0.49005424954792043
2025-06-11_editie-speciala-nicusor-dan-prezinta-prioritatile-partidelor,2025-06-11,video-transcript,2025Q3 deficit + reforma economică,13,233,83,18.23076923076923,10.725000747116106,36,4.92274678111588,3.923076923076923,6,0.3562231759656652,53.72748447204969,0.5622317596566524
2025-06-11_taxele-ultima-optiune-nicusor-dan-prioritatea-taierea-unor-c,2025-06-11,video-transcript,2025Q3 deficit + reforma economică,6,124,76,20.666666666666668,11.129540272026812,24,4.935483870967742,4.333333333333333,6,0.6129032258064516,52.3125,0.5403225806451613
2025-06-20_declaratie-de-presa-sustinuta-de-presedintele-romaniei-nicus,2025-06-20,video-transcript,2025Q3 deficit + reforma economică,14,291,127,20.785714285714285,11.205620646172799,35,4.914089347079038,5.142857142857143,10,0.436426116838488,47.30659448818898,0.5463917525773195
2025-06-25_nicusor-dan-crestem-cheltuielile-de-aparare-pentru-ca-orice,2025-06-25,video-transcript,2025Q3 deficit + reforma economică,2,64,45,32.0,18.384776310850235,19,4.78125,5.5,7,0.703125,48.0,0.546875
2025-06-26_declaratia-presedintelui-romaniei-nicusor-dan-dupa-participa,2025-06-26,video-transcript,2025Q3 deficit + reforma economică,28,535,193,19.357142857142858,18.88996262120939,35,4.45607476635514,4.678571428571429,10,0.36074766355140186,48.92650484765856,0.5626168224299065
2025-06-26_nicusor-dan-declaratie-de-la-summitul-nato-digi24v-stiriledi,2025-06-26,video-transcript,2025Q3 deficit + reforma economică,3,66,46,22.0,6.0,22,5.7272727272727275,4.0,6,0.696969696969697,62.26696832579186,0.4090909090909091
2025-07-14_conferinta-de-presa-sustinuta-de-presedintele-romaniei-nicus_cp-szg,2025-07-14,video-transcript,2025Q3 deficit + reforma economică,315,6665,1039,21.60952380952381,18.282372163866633,58,4.517629407351838,4.598101265822785,14,0.15588897224306075,44.947936928385616,0.5536384096024006
2025-07-14_nicusor-dan-despre-cresterea-tva-digi24-stiriledigi24,2025-07-14,video-transcript,2025Q3 deficit + reforma economică,3,89,55,30.0,36.51027252705737,18,4.606741573033708,4.666666666666667,8,0.6179775280898876,53.65203911725235,0.550561797752809
2025-07-14_nicusor-dan-despre-introducerea-femicidului-in-legislatia-ro,2025-07-14,video-transcript,2025Q3 deficit + reforma economică,6,130,72,21.666666666666668,16.548917386544254,41,4.523076923076923,3.7142857142857144,6,0.5538461538461539,27.0136831599958,0.5846153846153846
2025-07-14_nicusor-dan-despre-primele-de-pensionare-de-la-ccr-si-pensii,2025-07-14,video-transcript,2025Q3 deficit + reforma economică,8,189,96,23.625,18.585228389388018,35,4.777777777777778,5.125,9,0.5079365079365079,45.06377880497587,0.5661375661375662
2025-07-14_nicusor-dan-nu-ne-dorim-sa-avem-rusia-ca-vecin-vom-ajuta-ucr,2025-07-14,video-transcript,2025Q3 deficit + reforma economică,4,84,59,21.0,10.954451150103322,19,4.464285714285714,5.0,7,0.7023809523809523,84.0,0.5476190476190477
2025-07-15_nicusor-dan-masura-cresterii-tva-putea-sa-nu-fie-luata,2025-07-15,video-transcript,2025Q3 deficit + reforma economică,6,105,62,17.5,14.842506526863986,28,4.857142857142857,4.0,6,0.5904761904761905,43.75,0.5333333333333333
2025-07-16_nicusor-dan-despre-femicid-digi24-stiriledigi24,2025-07-16,video-transcript,2025Q3 deficit + reforma economică,2,87,59,43.5,30.405591591021544,22,4.816091954022989,5.0,11,0.6781609195402298,49.1622905027933,0.5287356321839081
2025-07-16_nicusor-dan-despre-femicid-trebuie-sa-ajungem-sa-transmitem,2025-07-16,video-transcript,2025Q3 deficit + reforma economică,14,344,150,24.785714285714285,15.685262909096313,38,5.229651162790698,5.071428571428571,11,0.436046511627907,40.611111111111114,0.5116279069767442
2025-07-18_declaratia-presedintelui-romaniei-nicusor-dan-si-cancelarul,2025-07-18,video-transcript,2025Q3 deficit + reforma economică,30,885,298,29.6,25.104746082405793,64,4.815819209039548,5.21875,12,0.3367231638418079,50.00244236029699,0.5209039548022599
2025-07-18_nicusor-dan-despre-interferentele-rusesti-in-alegerile-prezi,2025-07-18,video-transcript,2025Q3 deficit + reforma economică,72,1499,394,21.26388888888889,15.836304391372781,60,4.2895263509006005,4.916666666666667,11,0.2628418945963976,38.88346342155519,0.5923949299533022
2025-07-21_nicusor-dan-despre-influenta-rusiei-in-alegeri-anuntul-impor,2025-07-21,video-transcript,2025Q3 deficit + reforma economică,4,147,95,37.5,13.076696830622021,40,5.380952380952381,6.25,8,0.6462585034013606,90.04505356017643,0.47619047619047616
2025-07-30_nicusor-dan-propune-reguli-noi-privind-cererile-de-pensionar,2025-07-30,video-transcript,2025Q3 deficit + reforma economică,164,3573,707,22.182926829268293,18.344440022106824,54,4.580184718723761,4.751515151515152,16,0.1978729359082004,53.51179263653394,0.5745871816400784
2025-07-30_ora-14-presedintele-nicusor-dan-sustine-o-conferinta-de-pres,2025-07-30,video-transcript,2025Q3 deficit + reforma economică,374,7423,1152,20.184491978609625,17.19329238663813,48,4.540347568368584,4.430079155672823,16,0.15519331806547218,51.022370563714034,0.5694463155058601
2025-07-31_conferinta-de-presa-sustinuta-de-presedintele-romaniei-nicus_nGAQ5B,2025-07-31,video-transcript,2025Q3 deficit + reforma economică,361,7418,1156,20.900277008310248,19.775434394182312,55,4.541655432731194,4.44141689373297,16,0.1558371528713939,52.78891520093721,0.5675384200593152
2025-07-31_nicusor-dan-despre-valul-de-pensionari-din-justitie-ce-este,2025-07-31,video-transcript,2025Q3 deficit + reforma economică,7,98,67,14.142857142857142,12.401996767034081,18,4.908163265306122,4.0,7,0.6836734693877551,54.63848421782866,0.5408163265306123
2025-08-24_nicusor-dan-mesaj-pentru-ucraina-ucraina-celebreaza-ziua-ind,2025-08-24,video-transcript,2025Q3 deficit + reforma economică,4,99,75,24.75,13.375973484822204,24,5.898989898989899,3.75,5,0.7575757575757576,114.345,0.09090909090909091
2025-08-26_discursul-presedintelui-romaniei-nicusor-dan-cu-ocazia-reuni,2025-08-26,video-transcript,2025Q3 deficit + reforma economică,42,874,286,20.928571428571427,17.08999544326654,46,4.949656750572083,4.651162790697675,11,0.32723112128146453,64.56756460120152,0.5205949656750573
2025-08-29_editie-speciala-nicusor-dan-reactioneaza-in-cazul-livratorul,2025-08-29,video-transcript,2025Q3 deficit + reforma economică,21,512,204,24.666666666666668,21.100552915346398,56,4.216796875,4.571428571428571,11,0.3984375,42.08722695182318,0.572265625
2025-08-31_nicusor-dan-sunteti-mai-europeni-decat-europenii-si-locul-du,2025-08-31,video-transcript,2025Q3 deficit + reforma economică,2,53,40,26.5,36.062445840513924,1,5.09433962264151,4.0,8,0.7547169811320755,60.50153846153848,0.5849056603773585
2025-09-01_nicusor-dan-2025-si-2026-vor-fi-ani-dificili-pentru-romani,2025-09-01,video-transcript,2025Q4 stabilizare + diplomație,7,169,80,25.0,16.206994374857626,37,4.195266272189349,6.285714285714286,11,0.47337278106508873,41.82111527005581,0.6272189349112426
2025-09-02_conferinta-presedintele-romaniei-nicusor-dan-si-presedinta-c,2025-09-02,video-transcript,2025Q4 stabilizare + diplomație,15,375,164,25.533333333333335,20.68424751442738,48,4.936,5.0,11,0.43733333333333335,46.20291381879851,0.504
2025-09-03_nicusor-dan-coalitia-de-guvernare-functioneaza-si-va-merge-i,2025-09-03,video-transcript,2025Q4 stabilizare + diplomație,3,44,32,15.0,6.557438524302,16,4.5227272727272725,3.6666666666666665,4,0.7272727272727273,0.0,0.6363636363636364
2025-09-03_nicusor-dan-energia-nucleara-reprezinta-20-din-necesarul-de,2025-09-03,video-transcript,2025Q4 stabilizare + diplomație,13,310,147,24.23076923076923,17.45543776856678,41,5.04516129032258,5.0,12,0.47419354838709676,53.270114942528735,0.5290322580645161
2025-09-05_nicusor-dan-despre-pensiile-specialilor-au-fost-suprasolicit,2025-09-05,video-transcript,2025Q4 stabilizare + diplomație,9,184,96,20.555555555555557,18.92162196477294,47,4.717391304347826,4.555555555555555,8,0.5217391304347826,51.17681571030849,0.592391304347826
2025-09-05_nicusor-dan-romania-nu-va-trimite-trupe-de-mentinere-a-pacii,2025-09-05,video-transcript,2025Q4 stabilizare + diplomație,4,102,62,25.5,22.708295107001465,19,4.303921568627451,4.0,9,0.6078431372549019,51.0,0.5784313725490197
2025-09-10_alocutiunea-presedintelui-romaniei-nicusor-dan-sustinuta-in,2025-09-10,video-transcript,2025Q4 stabilizare + diplomație,23,467,202,20.652173913043477,21.24876187976431,44,4.781584582441114,3.9166666666666665,9,0.43254817987152033,53.83989043824701,0.5588865096359743
2025-09-10_nicusor-dan-daca-se-va-intampla-si-la-noi-vom-reactiona-la-f,2025-09-10,video-transcript,2025Q4 stabilizare + diplomație,6,68,46,11.5,8.826097665446492,15,4.544117647058823,2.8333333333333335,4,0.6764705882352942,49.38403041825095,0.5441176470588235
2025-09-11_ce-spune-nicusor-dan-despre-vizita-in-sua-sper-sa-fie-o-vizi,2025-09-11,video-transcript,2025Q4 stabilizare + diplomație,5,123,78,24.8,12.091319200153471,32,4.959349593495935,5.0,8,0.6341463414634146,70.38668646694215,0.5691056910569106
2025-09-11_nicusor-dan-daca-ucraina-cedeaza-romania-ar-fi-vecina-direct,2025-09-11,video-transcript,2025Q4 stabilizare + diplomație,21,520,210,24.857142857142858,22.55722880649508,56,4.380769230769231,5.0476190476190474,12,0.40384615384615385,47.17332906939559,0.5634615384615385
2025-09-11_nicusor-dan-de-zece-ani-romania-e-in-razboiul-hibrid-al-fede,2025-09-11,video-transcript,2025Q4 stabilizare + diplomație,46,868,265,18.97826086956522,19.700523546833054,61,4.313364055299539,3.891304347826087,11,0.3052995391705069,30.51661909805118,0.554147465437788
2025-09-11_nicusor-dan-despre-cresterea-aur-in-sondaje-arata-ca-cei-40,2025-09-11,video-transcript,2025Q4 stabilizare + diplomație,25,464,206,18.8,15.732132722552274,37,4.543103448275862,4.48,12,0.44396551724137934,53.68918918918919,0.5495689655172413
2025-09-12_nicusor-dan-romania-de-10-ani-sub-atacul-hibrid-al-rusiei-ab,2025-09-12,video-transcript,2025Q4 stabilizare + diplomație,3,76,44,25.333333333333332,20.5993527406405,23,4.2631578947368425,4.333333333333333,5,0.5789473684210527,20.22514568764569,0.5657894736842105
2025-09-16_nicusor-dan-reactie-dupa-incidentul-din-spatiul-aerian-roman,2025-09-16,video-transcript,2025Q4 stabilizare + diplomație,7,154,76,22.142857142857142,17.14087290103756,33,4.136363636363637,4.428571428571429,6,0.4935064935064935,38.79389312977099,0.6233766233766234
2025-09-16_nicusor-dan-we-don-t-know-if-the-russian-drone-was-armed,2025-09-16,video-transcript,2025Q4 stabilizare + diplomație,8,100,54,12.5,8.96022958889527,22,3.72,3.2222222222222223,7,0.54,31.32045088566828,0.66
2025-09-25_nicusor-dan-au-fost-80-000-de-atacuri-cibernetice-in-perioad,2025-09-25,video-transcript,2025Q4 stabilizare + diplomație,8,133,79,17.125,12.977315372823236,33,4.2330827067669174,3.2222222222222223,6,0.5939849624060151,57.2979704797048,0.5338345864661654
2025-09-25_nicusor-dan-georgescu-nu-a-fost-un-calaret-singuratic-in-jur,2025-09-25,video-transcript,2025Q4 stabilizare + diplomație,5,93,53,18.8,16.813684902483452,21,4.032258064516129,4.0,8,0.5698924731182796,23.569954128440365,0.6129032258064516
2025-09-25_nicusor-dan-nu-vad-rusia-capabila-sa-atace-nato-dar-provocar,2025-09-25,video-transcript,2025Q4 stabilizare + diplomație,6,126,82,21.0,11.575836902790225,33,4.634920634920635,4.333333333333333,6,0.6507936507936508,76.7759319286872,0.5317460317460317
2025-09-25_nicusor-dan-primul-interviu-dupa-sedinta-csat-la-digi24,2025-09-25,video-transcript,2025Q4 stabilizare + diplomație,109,2142,520,19.954128440366972,16.263675340338754,51,4.421101774042951,4.336363636363636,11,0.24276377217553688,44.47796040162126,0.5714285714285714
2025-09-25_nicusor-dan-primul-interviu-dupa-sedinta-csat-rusia-ramane-i,2025-09-25,video-transcript,2025Q4 stabilizare + diplomație,318,6944,1151,22.20754716981132,17.6193811668519,55,4.393145161290323,4.652037617554859,15,0.16575460829493088,43.967231917041474,0.568836405529954
2025-09-26_nicusor-dan-despre-influenta-sri-in-romania-stiri-b1tv-26-se,2025-09-26,video-transcript,2025Q4 stabilizare + diplomație,6,134,76,22.5,14.761436244485155,41,4.440298507462686,4.0,8,0.5671641791044776,36.617937306501545,0.5373134328358209
2025-09-26_nicusor-dan-sri-a-intervenit-in-viata-politica-si-economica,2025-09-26,video-transcript,2025Q4 stabilizare + diplomație,5,157,82,31.6,14.656056768449009,42,4.445859872611465,5.4,8,0.5222929936305732,47.57598606105779,0.5605095541401274
2025-09-30_nicusor-dan-a-anuntat-cand-va-desecretiza-sedinta-csat-si-ac,2025-09-30,video-transcript,2025Q4 stabilizare + diplomație,10,174,93,17.9,14.332945731193337,32,5.086206896551724,4.8,9,0.5344827586206896,58.537803138373754,0.5229885057471264
2025-09-30_nicusor-dan-avem-dovada-cu-peschir-banuim-ca-au-fost-20-de-m,2025-09-30,video-transcript,2025Q4 stabilizare + diplomație,13,221,100,17.692307692307693,14.659380474543795,31,4.131221719457014,4.461538461538462,10,0.45248868778280543,40.75108033785111,0.5701357466063348
2025-09-30_nicusor-dan-despre-aderarea-moldovei-la-ue-poate-fi-facuta-c,2025-09-30,video-transcript,2025Q4 stabilizare + diplomație,8,137,76,17.625,15.426669856360538,27,4.8321167883211675,4.25,8,0.5547445255474452,51.89393939393939,0.5109489051094891
2025-09-30_nicusor-dan-despre-anularea-alegerilor-avem-dovada-ca-au-fos,2025-09-30,video-transcript,2025Q4 stabilizare + diplomație,16,361,152,22.9375,20.99672593525,47,4.692520775623269,4.625,9,0.42105263157894735,44.315728120516496,0.554016620498615
2025-09-30_nicusor-dan-despre-stagiul-militar-voluntar-romania-sa-aiba,2025-09-30,video-transcript,2025Q4 stabilizare + diplomație,7,193,101,27.857142857142858,37.83044880969372,29,4.678756476683938,5.142857142857143,14,0.5233160621761658,37.66310679611651,0.5284974093264249
2025-10-02_nicusor-dan-amenin-area-nu-mai-este-o-chestiune-de-vecinatat,2025-10-02,video-transcript,2025Q4 stabilizare + diplomație,3,84,49,28.0,17.0,28,4.226190476190476,6.0,10,0.5833333333333334,38.20360627433095,0.6428571428571429
2025-10-02_nicusor-dan-zidul-anti-drone-ar-putea-fi-operational-in-cate,2025-10-02,video-transcript,2025Q4 stabilizare + diplomație,1,27,24,27.0,0.0,27,4.925925925925926,8.0,8,0.8888888888888888,0.0,0.4074074074074074
2025-10-14_studio-politic-nicusor-dan-vrea-sa-implice-sri-in-lupta-anti,2025-10-14,video-transcript,2025Q4 stabilizare + diplomație,7,127,76,18.428571428571427,17.299876134981844,38,4.984251968503937,4.0,8,0.5984251968503937,59.17059710220516,0.49606299212598426
2025-10-21_nicusor-dan-in-principiu-imi-doresc-un-al-doilea-mandat-la-c,2025-10-21,video-transcript,2025Q4 stabilizare + diplomație,2,79,47,41.0,43.840620433565945,10,4.379746835443038,3.6666666666666665,7,0.5949367088607594,47.80286069651743,0.5949367088607594
2025-10-23_nicusor-dan-avem-un-razboi-hibrid-de-cel-putin-10-ani,2025-10-23,video-transcript,2025Q4 stabilizare + diplomație,32,581,214,18.46875,10.586005293051583,35,4.6247848537005165,4.6875,11,0.3683304647160069,59.41701003118442,0.5283993115318416
2025-10-23_nicusor-dan-trebuie-sa-ne-echipam-ca-sa-descurajam-rusia-de,2025-10-23,video-transcript,2025Q4 stabilizare + diplomație,4,80,57,20.25,8.99536917900909,27,4.4375,5.25,6,0.7125,71.63179916317992,0.575
2025-10-24_nicusor-dan-a-society-is-defined-by-the-institutions-it-has,2025-10-24,video-transcript,2025Q4 stabilizare + diplomație,15,307,140,20.866666666666667,13.373036126403578,40,5.100977198697068,5.266666666666667,12,0.4560260586319218,57.597268130325006,0.5309446254071661
2025-10-27_nicusor-dan-catedrala-nationala-simbol-de-speranta-intr-o-pe,2025-10-27,video-transcript,2025Q4 stabilizare + diplomație,7,221,134,31.571428571428573,13.818552057013099,43,5.773755656108597,6.857142857142857,12,0.6063348416289592,69.5,0.42081447963800905
2025-11-02_nicusor-dan-reactie-despre-reducerea-numarului-de-militari-a,2025-11-02,video-transcript,2025Q4 stabilizare + diplomație,38,623,224,16.605263157894736,21.329511941406583,46,4.622792937399679,3.8461538461538463,10,0.3595505617977528,46.81812042463754,0.5489566613162119
2025-11-06_rutte-nato-isi-va-juca-rolul-sau-nicusor-dan-reinarmarea-nu,2025-11-06,video-transcript,2025Q4 stabilizare + diplomație,27,768,324,28.62962962962963,22.27304018512783,42,5.23828125,5.666666666666667,10,0.421875,67.60032343768049,0.4739583333333333
2025-11-07_nicusor-dan-despre-intalnirea-lui-bolojan-nu-cred-ca-premier,2025-11-07,video-transcript,2025Q4 stabilizare + diplomație,7,98,61,14.0,11.045361017187261,24,4.581632653061225,3.2857142857142856,6,0.6224489795918368,58.14035736092811,0.5408163265306123
2025-11-07_nicusor-dan-despre-salariul-minim-sa-inghete,2025-11-07,video-transcript,2025Q4 stabilizare + diplomație,3,88,59,29.333333333333332,33.85754470326124,15,4.590909090909091,3.75,9,0.6704545454545454,57.302077266550185,0.5568181818181818
2025-11-11_nicusor-dan-declaratia-oanei-gheorghiu-e-nefericita-reactia,2025-11-11,video-transcript,2025Q4 stabilizare + diplomație,4,57,41,14.25,7.135591542869215,18,4.228070175438597,4.25,7,0.7192982456140351,46.36567164179105,0.5087719298245614
2025-11-11_posibile-fragmente-de-drona-cazute-in-tulcea-nicusor-dan-a-f,2025-11-11,video-transcript,2025Q4 stabilizare + diplomație,1,6,6,6.0,0.0,6,4.666666666666667,3.0,3,1.0,0.0,0.5
2025-11-11_presedintele-romaniei-nicusor-dan-despre-pensii-si-justitie,2025-11-11,video-transcript,2025Q4 stabilizare + diplomație,5,111,60,22.2,20.7533129885327,43,4.63063063063063,4.6,8,0.5405405405405406,30.82063210227273,0.5135135135135135
2025-11-12_ce-l-a-socat-pe-nicusor-dan-dupa-ce-a-ajuns-presedinte,2025-11-12,video-transcript,2025Q4 stabilizare + diplomație,8,144,89,18.125,22.560632589915176,34,4.694444444444445,4.5,13,0.6180555555555556,61.068825910931174,0.5694444444444444
2025-11-12_conferinta-de-presa-sustinuta-de-presedintele-romaniei-nicus_6l2Eup,2025-11-12,video-transcript,2025Q4 stabilizare + diplomație,308,6378,1061,20.9512987012987,20.288173853451696,64,4.525870178739416,4.612903225806452,14,0.16635308874255253,47.97462614725448,0.5490749451238632
2025-11-12_nicusor-dan-conferinta-de-presa-presedintele-prezinta-strate,2025-11-12,video-transcript,2025Q4 stabilizare + diplomație,264,5406,943,20.776515151515152,19.89132206549071,62,4.516648168701443,4.518796992481203,15,0.17443581206067332,46.844926843995594,0.5554938956714761
2025-11-12_nicusor-dan-e-mai-bine-sa-fii-vecin-cu-ucraina-decat-cu-rusi,2025-11-12,video-transcript,2025Q4 stabilizare + diplomație,5,192,88,39.0,24.228082879171435,52,4.265625,6.333333333333333,10,0.4583333333333333,38.4,0.609375
2025-11-12_nicusor-dan-nu-ne-dorim-sa-fim-vecini-cu-rusia,2025-11-12,video-transcript,2025Q4 stabilizare + diplomație,14,329,143,23.714285714285715,22.3173908435985,61,4.358662613981763,4.642857142857143,10,0.43465045592705165,50.91666666666667,0.5653495440729484
2025-11-12_nicusor-dan-nu-vrem-sa-aparam-statul-vrem-sa-aparam-cetateni,2025-11-12,video-transcript,2025Q4 stabilizare + diplomație,78,1827,494,23.576923076923077,23.23260093604989,70,4.948549534756431,4.8354430379746836,14,0.27038861521620144,52.04988422672448,0.5396825396825397
2025-11-12_nicusor-dan-serviciile-de-informatii-vor-fi-implicate-in-lup,2025-11-12,video-transcript,2025Q4 stabilizare + diplomație,7,95,66,13.857142857142858,7.358183005529092,19,4.873684210526315,4.142857142857143,6,0.6947368421052632,68.28366860938773,0.49473684210526314
2025-11-21_nicusor-dan-despre-aducerea-in-tara-a-mercenarului-horatiu-p,2025-11-21,video-transcript,2025Q4 stabilizare + diplomație,3,85,55,28.666666666666668,8.962886439832502,24,4.811764705882353,6.0,11,0.6470588235294118,53.62043572500417,0.47058823529411764
2025-11-21_nicusor-dan-orice-plan-de-pace-trebuie-aprobat-de-ucraina,2025-11-21,video-transcript,2025Q4 stabilizare + diplomație,27,403,185,15.037037037037036,15.288209336915319,46,4.235732009925559,3.7777777777777777,10,0.45905707196029777,38.686412865113226,0.5310173697270472
2025-11-21_prima-reactie-a-lui-nicusor-dan-dupa-informatiile-aparute-cu,2025-11-21,video-transcript,2025Q4 stabilizare + diplomație,11,163,72,15.090909090909092,17.996969441850734,21,4.558282208588957,3.6363636363636362,10,0.44171779141104295,31.222891753377855,0.5521472392638037
2025-11-26_nicusor-dan-declaratii-din-parlament-despre-problemele-inter,2025-11-26,video-transcript,2025Q4 stabilizare + diplomație,42,1047,373,25.071428571428573,21.03353055636417,53,5.2464183381088825,4.930232558139535,11,0.3562559694364852,62.94309488325882,0.4976122254059217
2025-11-26_nicusor-dan-declaratii-dupa-sustinerea-discursului-in-parlam,2025-11-26,video-transcript,2025Q4 stabilizare + diplomație,14,267,133,19.5,14.495357346936453,37,4.5767790262172285,4.642857142857143,11,0.49812734082397003,42.75106658047835,0.5355805243445693
2025-11-26_nicusor-dan-drone-care-din-cand-in-cand-intra-pe-teritoriul,2025-11-26,video-transcript,2025Q4 stabilizare + diplomație,5,128,78,25.8,19.917329138215294,41,4.390625,4.666666666666667,10,0.609375,57.95465994962217,0.5546875
2025-11-26_nicusor-dan-vom-sustine-in-continuare-ucraina-si-republica-m,2025-11-26,video-transcript,2025Q4 stabilizare + diplomație,5,49,32,9.8,5.890670590009257,9,5.938775510204081,3.0,5,0.6530612244897959,0.0,0.4489795918367347
2025-12-01_nicusor-dan-mesaj-de-ziua-nationala-e-o-zi-de-sarbatoare-sa,2025-12-01,video-transcript,2025Q4-2026Q1 reformă judiciară,4,71,46,17.75,24.45914961727002,11,3.704225352112676,3.75,6,0.647887323943662,41.677046249867445,0.5492957746478874
2025-12-01_nicusor-dan-suntem-membri-ai-ue-dar-de-multe-ori-vocea-roman,2025-12-01,video-transcript,2025Q4-2026Q1 reformă judiciară,3,76,50,25.666666666666668,23.58671942711265,28,4.631578947368421,4.0,7,0.6578947368421053,44.20162408397702,0.4605263157894737
2025-12-02_nicusor-dan-mesaj-de-1-decembrie-digi24-stiriledigi24,2025-12-02,video-transcript,2025Q4-2026Q1 reformă judiciară,7,161,81,23.571428571428573,11.559370554621372,28,4.279503105590062,5.857142857142857,9,0.5031055900621118,47.85665112147457,0.4658385093167702
2025-12-02_nicusor-dan-mesaj-de-1-decembrie-totusi-suntem-mai-putin-cor,2025-12-02,video-transcript,2025Q4-2026Q1 reformă judiciară,41,1188,292,29.390243902439025,17.588175074152076,55,4.484006734006734,5.634146341463414,11,0.24579124579124578,47.252705953096815,0.5134680134680135
2025-12-03_nicusor-dan-despre-criza-apei-potabile-din-prahova-vinova-ia,2025-12-03,video-transcript,2025Q4-2026Q1 reformă judiciară,46,789,262,17.347826086956523,12.024451738583618,39,4.52851711026616,3.891304347826087,8,0.3320659062103929,42.1368549511855,0.5424588086185045
2025-12-03_nicusor-dan-despre-criza-apei-potabile-din-prahova-vinova-ia_cxJ5Wc,2025-12-03,video-transcript,2025Q4-2026Q1 reformă judiciară,6,85,55,14.333333333333334,5.428320796219275,19,4.6117647058823525,3.6666666666666665,6,0.6470588235294118,35.516412466843505,0.5411764705882353
2025-12-03_nicusor-dan-dupa-amenintarile-lui-putin-sunt-declaratii-pent,2025-12-03,video-transcript,2025Q4-2026Q1 reformă judiciară,7,79,51,11.285714285714286,6.600865744084526,19,5.012658227848101,3.25,6,0.6455696202531646,39.23801893418457,0.4050632911392405
2025-12-03_nicusor-dan-vinovatia-este-la-apele-romane,2025-12-03,video-transcript,2025Q4-2026Q1 reformă judiciară,15,289,138,19.4,16.70671379159545,39,4.484429065743945,3.6666666666666665,8,0.47750865051903113,57.05515463917526,0.5778546712802768
2025-12-04_nicusor-dan-despre-alegerile-anulate-au-aparut-suficiente-in,2025-12-04,video-transcript,2025Q4-2026Q1 reformă judiciară,8,148,90,18.625,15.936817212264902,41,4.466216216216216,4.5,9,0.6081081081081081,60.04427961568635,0.5540540540540541
2025-12-04_nicusor-dan-despre-demisia-lui-mosteanu-intensitatea-critici,2025-12-04,video-transcript,2025Q4-2026Q1 reformă judiciară,9,137,75,15.444444444444445,14.405824439364023,21,4.423357664233577,3.2222222222222223,5,0.5474452554744526,37.09024390243903,0.5255474452554745
2025-12-04_nicusor-dan-vinovatia-este-la-apele-romane-newsroom-din-3-de,2025-12-04,video-transcript,2025Q4-2026Q1 reformă judiciară,32,655,243,20.625,17.267814550626802,49,4.551145038167939,4.25,8,0.3709923664122137,41.41294796537785,0.5435114503816794
2025-12-07_presedintele-nicusor-dan-de-mult-nu-am-mai-votat-pentru-altc,2025-12-07,video-transcript,2025Q4-2026Q1 reformă judiciară,3,109,62,37.0,30.512292604784715,28,4.2110091743119265,4.0,9,0.5688073394495413,32.41119429964198,0.5963302752293578
2025-12-09_nicusor-dan-nu-vad-vreun-motiv-pentru-care-un-ministru-trebu,2025-12-09,video-transcript,2025Q4-2026Q1 reformă judiciară,5,109,64,21.8,31.66543857267731,30,4.825688073394495,4.6,12,0.5871559633027523,33.02214121446396,0.6422018348623854
2025-12-10_nicusor-dan-nu-toti-votantii-aur-sunt-extremisti-stiri-b1tv,2025-12-10,video-transcript,2025Q4-2026Q1 reformă judiciară,7,163,86,23.285714285714285,14.556948921555021,35,4.392638036809816,5.571428571428571,8,0.5276073619631901,37.42798913043478,0.5766871165644172
2025-12-10_romania-lui-vitalie-nicusor-dan-despre-strategia-de-securita,2025-12-10,video-transcript,2025Q4-2026Q1 reformă judiciară,129,2862,754,22.325581395348838,20.44740310173033,54,4.517819706498952,4.658914728682171,11,0.2634521313766597,50.55051767675292,0.5391334730957372
2025-12-11_nicusor-dan-judecatorii-sa-se-implice-in-rezolvarea-probleme,2025-12-11,video-transcript,2025Q4-2026Q1 reformă judiciară,1,39,36,39.0,0.0,39,4.641025641025641,8.0,8,0.9230769230769231,0.0,0.5128205128205128
2025-12-15_nicusor-dan-anunturi-majore-in-scandalurile-momentului,2025-12-15,video-transcript,2025Q4-2026Q1 reformă judiciară,11,330,150,30.09090909090909,16.158307742177367,46,4.581818181818182,6.818181818181818,14,0.45454545454545453,61.061619718309856,0.5515151515151515
2025-12-16_nicusor-dan-declara-ca-rusia-va-continua-sa-fie-o-amenintare,2025-12-16,video-transcript,2025Q4-2026Q1 reformă judiciară,35,861,292,25.142857142857142,20.451007248519364,64,4.488966318234611,5.057142857142857,10,0.33914053426248547,47.81910205951647,0.5632984901277585
2025-12-16_nicusor-dan-sunt-destul-de-pesimist-cu-privire-la-intentia-r,2025-12-16,video-transcript,2025Q4-2026Q1 reformă judiciară,3,85,53,28.333333333333332,9.291573243177568,24,4.694117647058824,6.666666666666667,9,0.6235294117647059,45.32514450867052,0.5764705882352941
2025-12-16_nicusor-dan-trebuie-sa-fim-calmi-dar-sa-investim-in-aparare,2025-12-16,video-transcript,2025Q4-2026Q1 reformă judiciară,4,60,50,15.0,17.511900715418264,9,4.516666666666667,4.25,7,0.8333333333333334,100.80000000000004,0.55
2025-12-17_declaratia-presedintelui-romaniei-nicusor-dan-in-regatul-mar,2025-12-17,video-transcript,2025Q4-2026Q1 reformă judiciară,43,878,308,20.697674418604652,14.482394704180084,42,4.4157175398633255,4.674418604651163,9,0.35079726651480636,50.75759959713483,0.5569476082004556
2025-12-17_nicusor-dan-despre-cresterea-impozitelor-nu-e-nici-fericire,2025-12-17,video-transcript,2025Q4-2026Q1 reformă judiciară,3,87,52,29.333333333333332,25.794056162870806,22,4.471264367816092,3.5,8,0.5977011494252874,41.18617021276596,0.5632183908045977
2025-12-17_nicusor-dan-sunt-probleme-la-modul-in-care-se-fac-promovaril,2025-12-17,video-transcript,2025Q4-2026Q1 reformă judiciară,34,652,230,19.41176470588235,13.790900924399224,46,4.552147239263804,4.470588235294118,10,0.35276073619631904,50.15384615384615,0.5306748466257669
2025-12-18_nicusor-dan-avem-atacuri-cibernetice-campanie-de-dezinformar,2025-12-18,video-transcript,2025Q4-2026Q1 reformă judiciară,10,261,123,26.3,15.76952053100467,36,4.291187739463601,5.4,7,0.47126436781609193,52.2,0.5900383141762452
2025-12-18_nicusor-dan-problema-fundamentala-este-de-ce-nu-reusim-in-15,2025-12-18,video-transcript,2025Q4-2026Q1 reformă judiciară,3,51,35,17.666666666666668,12.662279942148386,20,4.196078431372549,4.666666666666667,8,0.6862745098039216,51.0,0.6274509803921569
2025-12-18_nicusor-dan-problema-fundamentala-este-de-ce-nu-reusim-in-15_wynkjt,2025-12-18,video-transcript,2025Q4-2026Q1 reformă judiciară,6,198,115,33.333333333333336,31.430346270231684,38,4.707070707070707,5.166666666666667,12,0.5808080808080808,67.54531722054381,0.5505050505050505
2025-12-18_nicusor-dan-sustinem-oricare-dintre-variantele-de-ajutor-fin,2025-12-18,video-transcript,2025Q4-2026Q1 reformă judiciară,14,363,173,26.428571428571427,11.47381155712223,40,4.674931129476584,5.714285714285714,10,0.4765840220385675,48.23309539886178,0.5289256198347108
2025-12-19_nicusor-dan-anunt-inainte-de-intalnirea-cu-magistratii,2025-12-19,video-transcript,2025Q4-2026Q1 reformă judiciară,4,92,56,23.0,9.83192080250175,27,5.260869565217392,5.0,8,0.6086956521739131,56.63615023474179,0.4782608695652174
2025-12-21_declaratia-presedintelui-romaniei-nicusor-dan-pe-tema-proble,2025-12-21,video-transcript,2025Q4-2026Q1 reformă judiciară,44,1375,375,31.886363636363637,22.392083224222514,59,4.629818181818182,6.25,13,0.2727272727272727,50.833274032066484,0.5723636363636364
2025-12-21_nicusor-dan-exista-magistrati-care-actioneaza-in-interesul-u_i-HYCW,2025-12-21,video-transcript,2025Q4-2026Q1 reformă judiciară,3,113,70,38.0,28.687976575562104,24,5.053097345132743,7.0,10,0.6194690265486725,52.03006329113924,0.48672566371681414
2025-12-21_nicusor-dan-magistratii-intimidati-inainte-de-discutiile-de,2025-12-21,video-transcript,2025Q4-2026Q1 reformă judiciară,12,292,133,24.916666666666668,13.317509549689108,46,4.910958904109589,5.333333333333333,10,0.4554794520547945,47.79387852702057,0.5308219178082192
2025-12-21_nicusor-dan-magistratii-intimidati-inainte-de-discutiile-de__MoX2e,2025-12-21,video-transcript,2025Q4-2026Q1 reformă judiciară,3,133,83,45.0,54.147945482723536,21,4.075187969924812,8.0,16,0.6240601503759399,66.5,0.631578947368421
2025-12-21_nicusor-dan-voi-face-un-referendum-daca-csm-nu-actioneaza-in,2025-12-21,video-transcript,2025Q4-2026Q1 reformă judiciară,4,124,72,31.0,12.987173159185437,29,5.653225806451613,6.25,10,0.5806451612903226,50.68071266968326,0.4435483870967742
2025-12-21_nicusor-dan-voi-initia-in-ianuarie-un-referendum-in-cadrul-c,2025-12-21,video-transcript,2025Q4-2026Q1 reformă judiciară,5,184,95,36.8,19.357169214531343,38,5.0,7.4,12,0.5163043478260869,47.35592036808501,0.5271739130434783
2025-12-22_discutii-publice-la-cotroceni-intre-presedintele-romaniei-ni_7lGgIp,2025-12-22,video-transcript,2025Q4-2026Q1 reformă judiciară,556,12102,1770,21.98381294964029,19.839666078840743,57,4.620475954387705,4.581850533807829,17,0.14625681705503224,53.257869355410826,0.5506527846636919
2025-12-22_nicusor-dan-anunta-un-referendum-printre-magistrati-digi24,2025-12-22,video-transcript,2025Q4-2026Q1 reformă judiciară,5,150,80,30.0,9.246621004453464,30,5.546666666666667,5.166666666666667,11,0.5333333333333333,49.329149136224,0.4533333333333333
2025-12-22_nicusor-dan-multe-dintre-cele-semnalate-necesita-verificari,2025-12-22,video-transcript,2025Q4-2026Q1 reformă judiciară,2,52,39,27.0,29.698484809834994,6,5.076923076923077,4.5,7,0.75,58.24,0.4807692307692308
2026-01-01_nicusor-dan-mesaj-de-condoleante-dupa-incediul-din-elvetia,2026-01-01,video-transcript,2025Q4-2026Q1 reformă judiciară,4,75,58,18.75,11.729592206608606,19,5.373333333333333,4.5,6,0.7733333333333333,92.6470588235294,0.44
2026-01-06_declaratia-presedintelui-romaniei-nicusor-dan-dupa-participa_iZQQF2,2026-01-06,video-transcript,2025Q4-2026Q1 reformă judiciară,110,2579,608,23.927272727272726,21.43593360165306,53,4.456378441256301,4.747747747747748,16,0.23575029081039162,46.275288401524776,0.5513765025203567
2026-01-06_nicusor-dan-declaratii-la-bordul-avionului-spartan-cu-care-a,2026-01-06,video-transcript,2025Q4-2026Q1 reformă judiciară,3,50,33,16.666666666666668,14.6401275039985,19,4.7,2.3333333333333335,4,0.66,26.204555025266703,0.46
2026-01-06_nicusor-dan-suntem-intr-un-context-international-dificil,2026-01-06,video-transcript,2025Q4-2026Q1 reformă judiciară,6,95,58,16.0,8.87693640846886,25,5.368421052631579,4.0,6,0.6105263157894737,30.782860824742272,0.4105263157894737
2026-01-07_garantii-de-securitate-pentru-ucraina-si-mize-interne-nicuso,2026-01-07,video-transcript,2025Q4-2026Q1 reformă judiciară,101,2458,580,24.85148514851485,22.45323412723159,72,4.430024410089504,4.8431372549019605,16,0.23596419853539463,46.85729847494554,0.5545158665581774
2026-01-07_nicusor-dan-e-nevoie-de-un-avion-prezidential,2026-01-07,video-transcript,2025Q4-2026Q1 reformă judiciară,14,201,99,14.5,15.386057624705856,27,4.129353233830845,3.2666666666666666,7,0.4925373134328358,29.325227963525837,0.5472636815920398
2026-01-07_nicusor-dan-mi-ar-fi-placut-mai-degraba-ca-taxele-sa-scada,2026-01-07,video-transcript,2025Q4-2026Q1 reformă judiciară,6,130,69,22.333333333333332,5.715476066494082,23,3.8384615384615386,5.5,7,0.5307692307692308,43.975674648422654,0.6461538461538462
2026-01-15_nicusor-dan-despre-taierile-pentru-romani-dureroase-dar-obli,2026-01-15,video-transcript,2025Q4-2026Q1 reformă judiciară,1,28,23,28.0,0.0,28,5.0,5.0,5,0.8214285714285714,0.0,0.5
2026-01-15_nicusor-dan-ne-asteapta-o-perioada-complicata-si-dificil-de,2026-01-15,video-transcript,2025Q4-2026Q1 reformă judiciară,5,84,64,16.8,9.57601169589929,20,5.940476190476191,4.2,6,0.7619047619047619,98.78399999999999,0.4642857142857143
2026-01-15_nicusor-dan-romania-sustine-pacea-in-ucraina-si-integrarea-r,2026-01-15,video-transcript,2025Q4-2026Q1 reformă judiciară,89,2081,697,23.584269662921347,15.047507335680706,42,5.633829889476213,5.438202247191011,11,0.33493512734262376,94.91870996909012,0.4478616049975973
2026-01-20_nicusor-dan-anunta-azi-daca-merge-la-davos-pentru-consiliul,2026-01-20,video-transcript,2025Q4-2026Q1 reformă judiciară,3,45,39,15.0,10.535653752852738,14,5.088888888888889,4.0,5,0.8666666666666667,0.0,0.4444444444444444
2026-01-22_nicusor-dan-despre-pozitia-romaniei-cu-privire-la-groenlanda,2026-01-22,video-transcript,2025Q4-2026Q1 reformă judiciară,11,261,128,23.90909090909091,29.17346241176918,47,4.977011494252873,4.909090909090909,10,0.4904214559386973,34.95535714285714,0.4942528735632184
2026-01-23_nicusor-dan-explica-ce-inseamna-ca-nu-a-mers-teleleu-la-davo,2026-01-23,video-transcript,2025Q4-2026Q1 reformă judiciară,13,123,73,9.615384615384615,5.05863060419948,14,4.341463414634147,3.1538461538461537,5,0.5934959349593496,38.02444927528821,0.5040650406504065
2026-01-24_discursul-lui-nicusor-dan-de-la-iasi-bruiat-de-simpatizantii,2026-01-24,video-transcript,2025Q4-2026Q1 reformă judiciară,23,468,163,20.73913043478261,19.318425945911535,33,4.555555555555555,4.6521739130434785,16,0.3482905982905983,40.13271060570898,0.5876068376068376
2026-01-24_huiduieli-si-aplauze-la-focsani-nicusor-dan-este-un-drept-pe,2026-01-24,video-transcript,2025Q4-2026Q1 reformă judiciară,21,366,139,17.666666666666668,11.837792587021168,34,4.603825136612022,4.238095238095238,9,0.3797814207650273,32.15659898477158,0.6065573770491803
2026-01-24_iasi-nicusor-dan-prezent-la-ceremonia-de-ziua-unirii-princip,2026-01-24,video-transcript,2025Q4-2026Q1 reformă judiciară,1,2,2,2.0,0.0,2,4.0,1.0,1,1.0,0.0,0.0
2026-01-24_nicusor-dan-e-democratie-e-libertate-sa-spuna-fiecare-ce-vre,2026-01-24,video-transcript,2025Q4-2026Q1 reformă judiciară,87,1523,425,17.79310344827586,17.99879707287599,44,4.479973736047275,4.067415730337078,13,0.27905449770190416,45.19164982565014,0.5554826001313198
2026-01-24_nicusor-dan-la-multi-ani-dragi-focsaneni-care-huiduiti-autor,2026-01-24,video-transcript,2025Q4-2026Q1 reformă judiciară,8,97,51,12.375,7.0089228844380935,23,5.11340206185567,3.625,6,0.5257731958762887,24.25,0.5567010309278351
2026-01-24_nicusor-dan-mae-analizeaza-participarea-romaniei-la-consiliu,2026-01-24,video-transcript,2025Q4-2026Q1 reformă judiciară,3,55,41,19.0,3.605551275463989,20,5.036363636363636,4.0,5,0.7454545454545455,60.50000000000001,0.5454545454545454
2026-01-24_nicusor-dan-nu-facem-comedii-din-relatia-intre-guvern-si-par,2026-01-24,video-transcript,2025Q4-2026Q1 reformă judiciară,11,118,60,11.090909090909092,7.408839928822129,13,4.822033898305085,3.0833333333333335,5,0.5084745762711864,27.05049900199601,0.5169491525423728
2026-01-24_ziua-unirii-principatelor-umbrita-de-proteste-discursul-lui,2026-01-24,video-transcript,2025Q4-2026Q1 reformă judiciară,11,189,92,17.454545454545453,12.667783044902816,27,4.597883597883598,4.545454545454546,11,0.48677248677248675,36.09819697134764,0.5978835978835979
2026-01-30_nicusor-dan-despre-numirile-la-sri-si-sie-digi24-stiriledigi,2026-01-30,video-transcript,2025Q4-2026Q1 reformă judiciară,10,169,92,16.9,8.974655672751153,26,4.384615384615385,4.9,9,0.5443786982248521,61.62019716885743,0.591715976331361
2026-01-30_nicusor-dan-despre-tensiunile-din-coalitie-nu-exista-alterna,2026-01-30,video-transcript,2025Q4-2026Q1 reformă judiciară,256,4879,898,19.3125,15.83951375763888,51,4.472842795654847,4.313953488372093,12,0.18405410944865752,52.10895037094038,0.5415044066407051
2026-01-30_nicusor-dan-despre-tensiunile-din-coalitie-nu-exista-alterna_9sksTM,2026-01-30,video-transcript,2025Q4-2026Q1 reformă judiciară,8,85,60,10.75,6.135377506140689,19,4.435294117647059,3.111111111111111,6,0.7058823529411765,85.0,0.5058823529411764
2026-01-30_nicusor-dan-despre-vizita-in-sua-digi24-stiriledigi24,2026-01-30,video-transcript,2025Q4-2026Q1 reformă judiciară,5,100,62,20.0,17.549928774784245,22,4.64,3.6666666666666665,8,0.62,39.00709219858156,0.51
2026-01-30_nicusor-dan-nu-exista-risc-de-crestere-de-taxe-in-viitorul-a,2026-01-30,video-transcript,2025Q4-2026Q1 reformă judiciară,6,121,71,20.333333333333332,14.678782874157744,29,3.9421487603305785,5.166666666666667,10,0.5867768595041323,36.4963221060782,0.5619834710743802
2026-01-30_nicusor-dan-un-guvern-minoritar-putin-probabil-bolojan-a-rap,2026-01-30,video-transcript,2025Q4-2026Q1 reformă judiciară,7,129,83,18.714285714285715,19.1112033958643,29,4.8604651162790695,3.25,7,0.6434108527131783,53.606740743475214,0.49612403100775193
2026-02-09_participa-sau-nu-romania-la-consiliul-pentru-pace-al-lui-tru,2026-02-09,video-transcript,2025Q4-2026Q1 reformă judiciară,2,54,39,27.0,29.698484809834994,6,4.518518518518518,3.5,5,0.7222222222222222,42.559322033898304,0.6296296296296297
2026-02-12_ce-spune-nicusor-dan-despre-participarea-romaniei-la-prima-e,2026-02-12,video-transcript,2025Q4-2026Q1 reformă judiciară,5,100,57,20.0,10.793516572461451,30,4.74,5.0,7,0.57,46.04430379746835,0.58
2026-02-12_declaratii-de-presa-sustinute-de-presedintele-romaniei-nicus,2026-02-12,video-transcript,2025Q4-2026Q1 reformă judiciară,35,695,239,20.085714285714285,16.633367294779045,51,4.717985611510791,4.277777777777778,10,0.34388489208633094,51.51263231475934,0.5266187050359712
2026-02-12_nicusor-dan-anunt-de-la-consiliul-european-il-refuza-din-nou,2026-02-12,video-transcript,2025Q4-2026Q1 reformă judiciară,74,1896,476,25.986486486486488,20.716939824821964,64,4.588080168776371,5.378378378378378,12,0.2510548523206751,52.27514587621643,0.5290084388185654
2026-02-12_nicusor-dan-despre-candidatii-la-sefia-parchetelor-sunt-pers,2026-02-12,video-transcript,2025Q4-2026Q1 reformă judiciară,8,152,79,19.125,17.537205348303686,38,4.157894736842105,3.875,9,0.5197368421052632,47.55446355446355,0.6578947368421053
2026-02-12_nicusor-dan-dupa-summitul-din-belgia-comisia-europeana-va-pr,2026-02-12,video-transcript,2025Q4-2026Q1 reformă judiciară,123,3082,672,25.43089430894309,19.611840393494063,61,4.5515898767034395,5.008064516129032,12,0.218040233614536,51.992566562362235,0.5467229072031149
2026-02-12_nicusor-dan-este-evidenta-tergiversarea-ccr-imi-doresc-o-asu,2026-02-12,video-transcript,2025Q4-2026Q1 reformă judiciară,3,59,40,19.666666666666668,16.165807537309522,29,4.796610169491525,4.333333333333333,7,0.6779661016949152,51.51269035532995,0.6610169491525424
2026-02-12_nicusor-dan-pretul-energiei-este-o-chestiune-foarte-importan,2026-02-12,video-transcript,2025Q4-2026Q1 reformă judiciară,3,116,68,39.0,13.74772708486752,42,5.051724137931035,7.0,8,0.5862068965517241,40.09469696969697,0.5086206896551724
2026-02-12_nicusor-dan-romania-poate-fi-cel-mult-observator-in-consiliu,2026-02-12,video-transcript,2025Q4-2026Q1 reformă judiciară,4,179,84,45.75,26.712980614924522,50,4.569832402234637,5.6,9,0.4692737430167598,49.052247900073986,0.6033519553072626
2026-02-13_declaratiile-presedintelui-romaniei-nicusor-dan-dupa-reuniun,2026-02-13,video-transcript,2025Q4-2026Q1 reformă judiciară,104,2540,610,24.73076923076923,19.045795993699166,61,4.488976377952756,4.990384615384615,12,0.24015748031496062,49.67082398288656,0.5531496062992126
2026-02-13_nicusor-dan-despre-propunerile-privind-scaderea-pretului-ene,2026-02-13,video-transcript,2025Q4-2026Q1 reformă judiciară,4,90,59,23.0,8.906926143924924,30,4.833333333333333,4.6,8,0.6555555555555556,57.618593922374885,0.5
2026-02-13_nicusor-dan-in-ciuda-atacurilor-coalitia-functioneaza-mai-bi,2026-02-13,video-transcript,2025Q4-2026Q1 reformă judiciară,5,142,85,28.4,19.48845812269406,34,4.429577464788732,3.8333333333333335,8,0.5985915492957746,60.260335258806215,0.5633802816901409
2026-02-17_nicusor-dan-prezenta-la-consiliul-de-pace-necesara-dupa-anul,2026-02-17,video-transcript,2025Q4-2026Q1 reformă judiciară,7,168,105,24.142857142857142,13.909571901255282,37,5.059523809523809,4.75,9,0.625,87.04894520643319,0.4880952380952381
2026-02-19_declaratii-de-presa-sustinute-de-presedintele-romaniei-nicus,2026-02-19,video-transcript,2025Q4-2026Q1 reformă judiciară,36,909,301,25.36111111111111,19.990215860733723,58,4.7227722772277225,4.5675675675675675,11,0.3311331133113311,48.44441069258809,0.5313531353135313
2026-02-19_interviu-exclusiv-cu-nicusor-dan-dupa-intalnirea-cu-trump,2026-02-19,video-transcript,2025Q4-2026Q1 reformă judiciară,60,1453,413,24.4,20.323819206011553,56,4.5306262904335854,4.833333333333333,12,0.2842395044735031,54.97095355200455,0.5581555402615279
2026-02-19_nicusor-dan-discurs-la-consiliul-pentru-pace-in-sua-avem-bur,2026-02-19,video-transcript,2025Q4-2026Q1 reformă judiciară,13,188,94,14.846153846153847,13.421662551302116,27,4.74468085106383,4.538461538461538,10,0.5,44.341628959276015,0.48404255319148937
2026-02-19_prima-reactie-a-lui-nicusor-dan-dupa-ce-donald-trump-l-a-num,2026-02-19,video-transcript,2025Q4-2026Q1 reformă judiciară,7,33,28,4.714285714285714,2.3603873774083293,7,4.757575757575758,2.2857142857142856,3,0.8484848484848485,0.0,0.2727272727272727
2026-02-20_nicusor-dan-nu-alegem-intre-sua-si-ue-romania-trebuie-sa-fie,2026-02-20,video-transcript,2025Q4-2026Q1 reformă judiciară,9,121,68,13.444444444444445,7.747759532779639,18,4.892561983471074,3.888888888888889,6,0.5619834710743802,53.4382152612108,0.48760330578512395
2026-02-20_presedintele-nicusor-dan-problema-legitimitatii-administrati,2026-02-20,video-transcript,2025Q4-2026Q1 reformă judiciară,46,832,280,18.195652173913043,13.780210553491218,38,4.612980769230769,4.130434782608695,9,0.33653846153846156,46.40721384811248,0.5192307692307693
2026-02-24_nicusor-dan-explica-de-ce-nu-a-promulgat-legea-pensiilor-spe,2026-02-24,video-transcript,2025Q4-2026Q1 reformă judiciară,7,80,62,11.428571428571429,9.710083124552245,22,5.1375,3.4285714285714284,7,0.775,99.55555555555559,0.5
2026-03-05_acum-nicusor-dan-anunta-daca-romania-va-gazdui-arme-nucleare,2026-03-05,video-transcript,2026Q2 cotitură UE + criză guvern,27,541,226,20.296296296296298,15.294078328190682,41,4.844731977818854,4.703703703703703,9,0.4177449168207024,47.63990635468164,0.4898336414048059
2026-03-05_nicusor-dan-conferinta-de-presa-in-polonia-stiri-b1tv-5-mar,2026-03-05,video-transcript,2026Q2 cotitură UE + criză guvern,44,843,302,19.272727272727273,11.767838781964539,39,4.994068801897983,4.704545454545454,13,0.3582443653618031,60.52307692307692,0.505338078291815
2026-03-05_nicusor-dan-despre-propunerile-pentru-sefia-parchetelor-stir,2026-03-05,video-transcript,2026Q2 cotitură UE + criză guvern,3,149,78,49.666666666666664,38.37099599089569,36,4.308724832214765,6.666666666666667,9,0.5234899328859061,58.98913597200381,0.610738255033557
2026-03-05_nicusor-dan-despre-scumpirile-la-pompa-nu-putem-umbla-la-acc,2026-03-05,video-transcript,2026Q2 cotitură UE + criză guvern,8,199,103,25.125,19.305347149725865,27,4.597989949748744,5.0,9,0.5175879396984925,46.342465753424655,0.5175879396984925
2026-03-05_nicusor-dan-despre-situatia-din-orient-nu-o-sa-plangem-iranu,2026-03-05,video-transcript,2026Q2 cotitură UE + criză guvern,5,92,61,18.4,9.071934744033381,25,4.445652173913044,3.8333333333333335,7,0.6630434782608695,62.659459459459455,0.5217391304347826
2026-03-05_nicusor-dan-despre-umbrela-nucleara-propusa-de-franta-stiri,2026-03-05,video-transcript,2026Q2 cotitură UE + criză guvern,6,172,96,28.666666666666668,27.947569959956567,32,4.8604651162790695,4.666666666666667,7,0.5581395348837209,70.83768427664576,0.5116279069767442
2026-03-05_nicusor-dan-dezbaterea-pe-buget-este-o-dezbatere-legitima,2026-03-05,video-transcript,2026Q2 cotitură UE + criză guvern,5,114,67,23.0,24.21776207662467,29,4.482456140350878,5.2,9,0.5877192982456141,46.225785185261486,0.6140350877192983
2026-03-05_nicusor-dan-nu-o-sa-plangem-republica-islamica-iran,2026-03-05,video-transcript,2026Q2 cotitură UE + criză guvern,7,145,84,20.857142857142858,12.562226069034253,31,4.724137931034483,5.0,10,0.5793103448275863,56.81240063593005,0.5310344827586206
2026-03-05_nicusor-dan-polonia-participa-la-brigada-multinationala-care,2026-03-05,video-transcript,2026Q2 cotitură UE + criză guvern,7,153,78,22.0,10.16530045465127,27,5.379084967320262,4.857142857142857,10,0.5098039215686274,37.80097312326228,0.49673202614379086
2026-03-05_nicusor-dan-polonia-si-romania-impreuna-au-multe-oportunitat,2026-03-05,video-transcript,2026Q2 cotitură UE + criză guvern,74,1842,513,25.054054054054053,23.769954496468046,71,4.66829533116178,4.972972972972973,15,0.2785016286644951,54.744244556168965,0.5309446254071661
2026-03-05_nicusor-dan-romania-este-acoperita-de-o-umbrela-nucleara,2026-03-05,video-transcript,2026Q2 cotitură UE + criză guvern,4,65,49,16.25,5.315072906367325,19,4.969230769230769,4.25,6,0.7538461538461538,73.9375,0.49230769230769234
2026-03-05_pretul-carburantilor-nicusor-dan-exclude-modificarea-taxelor,2026-03-05,video-transcript,2026Q2 cotitură UE + criză guvern,7,158,87,22.714285714285715,13.098527725337249,27,4.677215189873418,4.714285714285714,9,0.5506329113924051,43.24274070300561,0.5316455696202531
2026-03-06_declaratii-de-presa-sustinute-de-presedintele-romaniei-nicus_Ry-ZYl,2026-03-06,video-transcript,2026Q2 cotitură UE + criză guvern,80,1897,524,23.9,22.494218666531218,71,4.677385345282024,4.85,15,0.27622561939905116,53.009107336179895,0.5303110173958883
2026-03-06_nicusor-dan-romania-nu-va-gazdui-focoase-nucleare-in-viitoru,2026-03-06,video-transcript,2026Q2 cotitură UE + criză guvern,4,108,65,27.0,31.31559781748812,23,4.648148148148148,3.25,5,0.6018518518518519,56.12216394347729,0.5092592592592593
2026-03-07_nicusor-dan-imi-voi-asuma-in-justitie-vin-din-societatea-civ,2026-03-07,video-transcript,2026Q2 cotitură UE + criză guvern,10,154,78,15.7,7.30372811955952,24,4.077922077922078,4.9,9,0.5064935064935064,33.011702127659575,0.6038961038961039
2026-03-11_ce-trimite-sua-in-tara-noastra-declaratiile-lui-nicusor-dan,2026-03-11,video-transcript,2026Q2 cotitură UE + criză guvern,8,151,83,18.875,8.838834764831844,25,4.814569536423841,4.75,7,0.5496688741721855,44.9094827586207,0.5099337748344371
2026-03-11_declaratie-sustinuta-de-presedintele-romaniei-nicusor-dan-du,2026-03-11,video-transcript,2026Q2 cotitură UE + criză guvern,23,541,223,23.869565217391305,14.366325359945948,47,4.99815157116451,5.304347826086956,10,0.4121996303142329,51.17300789395294,0.5101663585951941
2026-03-12_nicusor-dan-we-will-produce-drones-in-romania-together-with,2026-03-12,video-transcript,2026Q2 cotitură UE + criză guvern,17,376,149,22.235294117647058,10.304910308711484,40,5.191489361702128,5.235294117647059,8,0.3962765957446808,44.89325842696629,0.5292553191489362
2026-03-13_conferinta-sustinuta-de-presedintii-romaniei-si-ucrainei-nic,2026-03-13,video-transcript,2026Q2 cotitură UE + criză guvern,39,899,280,23.384615384615383,14.737377086877085,56,4.927697441601779,4.923076923076923,8,0.3114571746384872,48.91971454058876,0.525027808676307
2026-03-19_conferinta-presedintelui-romaniei-nicusor-dan-si-a-secretaru,2026-03-19,video-transcript-diarizat,2026Q2 cotitură UE + criză guvern,4,40,35,10.0,3.9157800414902435,12,4.675,4.0,5,0.875,0.0,0.475
2026-03-19_nicusor-dan-romania-has-taken-a-clear-position-on-the-transa,2026-03-19,video-transcript,2026Q2 cotitură UE + criză guvern,6,155,80,25.833333333333332,8.931218655181759,34,4.851612903225806,5.0,7,0.5161290322580645,39.5790412044374,0.5419354838709678
2026-03-19_nicusor-dan-romania-has-taken-a-clear-position-on-the-transa_BurJvC,2026-03-19,video-transcript,2026Q2 cotitură UE + criză guvern,14,329,146,23.571428571428573,17.028095723128995,50,4.911854103343465,4.4375,9,0.44376899696048633,46.17369901547117,0.5045592705167173
2026-03-26_ce-a-spus-nicusor-dan-despre-o-eventuala-rationalizare-a-car,2026-03-26,video-transcript,2026Q2 cotitură UE + criză guvern,5,93,58,18.6,12.381437719424994,26,4.236559139784946,3.5,7,0.6236559139784946,50.83231145122626,0.6129032258064516
2026-03-26_nicusor-dan-a-anuntat-ca-va-promulga-legea-bugetului-asa-cum,2026-03-26,video-transcript,2026Q2 cotitură UE + criză guvern,8,67,48,8.375,7.130167299179292,12,4.432835820895522,2.5555555555555554,5,0.7164179104477612,67.0,0.5074626865671642
2026-03-27_nicusor-dan-if-the-measures-are-not-sufficient-the-governmen,2026-03-27,video-transcript,2026Q2 cotitură UE + criză guvern,7,175,92,25.0,14.094916341243982,36,4.274285714285714,4.25,7,0.5257142857142857,45.798707506756635,0.6
2026-03-30_nicusor-dan-despre-iesirea-psd-de-la-guvernare-un-guvern-min,2026-03-30,video-transcript,2026Q2 cotitură UE + criză guvern,4,66,47,16.5,8.962886439832502,16,4.242424242424242,5.75,8,0.7121212121212122,66.0,0.7575757575757576
2026-03-30_o-posibila-iesire-a-psd-de-la-guvernare-nicusor-dan-nu-cred,2026-03-30,video-transcript,2026Q2 cotitură UE + criză guvern,33,569,200,17.363636363636363,10.457707031832378,34,4.434094903339192,4.393939393939394,10,0.351493848857645,46.99117326400537,0.6010544815465729
2026-03-31_carburantii-s-ar-putea-ieftini-nicusor-dan-cred-ca-va-fi-o-s,2026-03-31,video-transcript,2026Q2 cotitură UE + criză guvern,4,81,57,20.25,11.757976016304847,29,4.493827160493828,4.0,8,0.7037037037037037,70.72081218274111,0.6172839506172839
2026-03-31_carburantii-s-ar-putea-ieftini-nicusor-dan-cred-ca-va-fi-o-s_eIg4Ys,2026-03-31,video-transcript,2026Q2 cotitură UE + criză guvern,7,141,84,20.142857142857142,13.813382055438986,31,4.468085106382978,4.142857142857143,8,0.5957446808510638,42.920138888888886,0.5815602836879432
2026-04-01_presedintele-nicusor-dan-trecerea-romaniei-la-euro-esentiala,2026-04-01,video-transcript,2026Q2 cotitură UE + criză guvern,6,105,62,18.0,8.78635305459552,21,4.095238095238095,4.833333333333333,7,0.5904761904761905,52.5,0.5238095238095238
2026-04-07_declaratiile-presedintelui-nicusor-dan-dupa-vizita-la-centru,2026-04-07,video-transcript,2026Q2 cotitură UE + criză guvern,117,2155,545,18.726495726495727,18.60275467719023,55,4.484454756380511,4.35042735042735,13,0.2529002320185615,49.45087754496113,0.545707656612529
2026-04-07_nicusor-dan-despre-demisia-lui-bolojan-in-ce-calitate-sa-i-o,2026-04-07,video-transcript,2026Q2 cotitură UE + criză guvern,5,81,63,16.2,10.497618777608569,25,4.493827160493828,4.4,7,0.7777777777777778,102.06000000000002,0.5432098765432098
2026-04-07_nicusor-dan-intrebat-daca-ii-va-cere-demisia-lui-bolojan-eu,2026-04-07,video-transcript,2026Q2 cotitură UE + criză guvern,80,1516,435,19.2375,19.28680518982809,55,4.437994722955145,4.3625,10,0.2869393139841689,40.635318781173055,0.5488126649076517
2026-04-07_nicusor-dan-nu-sunt-riscuri-acum-dar-avem-un-plan-de-criza-p,2026-04-07,video-transcript,2026Q2 cotitură UE + criză guvern,6,128,69,21.333333333333332,15.18771433319269,32,4.4765625,4.333333333333333,8,0.5390625,46.648066377502516,0.5234375
2026-04-08_nicusor-dan-anunta-numiri-in-fruntea-parchetelor-astept-o-di,2026-04-08,video-transcript,2026Q2 cotitură UE + criză guvern,183,3675,756,20.338797814207652,17.483586421303954,52,4.456598639455782,4.437837837837838,14,0.2057142857142857,49.76377417405318,0.5654421768707483
2026-04-08_nicusor-dan-i-was-happy-that-the-head-of-the-iasi-dna-is-run,2026-04-08,video-transcript,2026Q2 cotitură UE + criză guvern,74,2158,530,29.743243243243242,26.142423827638055,88,4.457831325301205,5.213333333333333,16,0.24559777571825764,40.121744763549984,0.5472659870250232
2026-04-08_nicusor-dan-if-i-make-a-mistake-romanians-will-penalize-me,2026-04-08,video-transcript,2026Q2 cotitură UE + criză guvern,54,957,311,17.98148148148148,13.805236551916362,42,4.338557993730408,4.425925925925926,12,0.32497387669801464,50.5286013586439,0.5799373040752351
2026-04-08_nicusor-dan-respinge-acuzatiile-nu-sunt-propunerile-psd,2026-04-08,video-transcript,2026Q2 cotitură UE + criză guvern,3,98,60,32.666666666666664,27.501515109777742,33,4.969387755102041,5.0,7,0.6122448979591837,40.83333333333333,0.5510204081632653
2026-04-09_conferinta-de-presa-sustinuta-de-presedintele-romaniei-nicus_yJJ1E7,2026-04-09,video-transcript,2026Q2 cotitură UE + criză guvern,264,5556,976,21.37121212121212,19.084524936746458,59,4.427645788336933,4.530075187969925,15,0.17566594672426206,45.79362675706513,0.5604751619870411
2026-04-17_nicusor-dan-calin-georgescu-a-fost-sustinut-de-o-infrastruct,2026-04-17,video-transcript,2026Q2 cotitură UE + criză guvern,7,68,44,9.714285714285714,13.412858081138483,12,4.279411764705882,3.0,6,0.6470588235294118,34.41435026701356,0.5735294117647058
2026-04-20_nicusor-dan-lack-of-financial-education-led-to-unhealthy-dec,2026-04-20,video-transcript,2026Q2 cotitură UE + criză guvern,20,474,194,23.85,18.559364213248255,53,4.732067510548523,4.6,9,0.4092827004219409,57.578866389571004,0.5506329113924051
2026-04-20_nicusor-dan-traim-un-razboi-informational-ce-a-anuntat-prese,2026-04-20,video-transcript,2026Q2 cotitură UE + criză guvern,10,276,130,27.7,22.504567437645978,49,4.688405797101449,5.1,9,0.47101449275362317,48.02628859535814,0.5507246376811594
2026-04-20_we-will-enter-political-turbulence-nicusor-dan-i-do-not-supp,2026-04-20,video-transcript,2026Q2 cotitură UE + criză guvern,82,1333,363,16.48780487804878,15.723100801866499,41,4.667666916729182,3.682926829268293,11,0.27231807951987996,56.320501927537386,0.5258814703675919
2026-04-22_declaratie-de-presa-sustinuta-de-presedintele-romaniei-nicus,2026-04-22,video-transcript,2026Q2 cotitură UE + criză guvern,15,288,143,19.2,15.717142597449813,51,4.864583333333333,4.266666666666667,7,0.4965277777777778,64.52922034132762,0.5138888888888888
2026-04-22_kelemen-hunor-at-the-end-of-discussions-with-nicusor-dan-we,2026-04-22,video-transcript,2026Q2 cotitură UE + criză guvern,9,175,85,19.666666666666668,15.20690632574555,37,4.1257142857142854,3.7777777777777777,5,0.4857142857142857,36.01646915301499,0.6228571428571429
2026-04-23_nicusor-dan-despre-situatia-demisiilor-ministrilor-psd-aprec,2026-04-23,video-transcript,2026Q2 cotitură UE + criză guvern,29,482,196,16.96551724137931,15.635314329657467,42,4.572614107883817,3.8666666666666667,10,0.4066390041493776,45.45099766874094,0.5601659751037344
2026-04-24_nicusor-dan-reacts-to-george-simion-s-new-discriminatory-sta,2026-04-24,video-transcript,2026Q2 cotitură UE + criză guvern,68,1787,494,26.63235294117647,28.116975491665997,86,4.490207050923336,4.753623188405797,17,0.27644096250699496,49.37425871870714,0.5685506435366536
2026-04-24_nicusor-dan-simion-s-statement-to-me-is-below-any-level-of-d,2026-04-24,video-transcript,2026Q2 cotitură UE + criză guvern,6,86,57,14.333333333333334,10.911767348448492,27,4.8023255813953485,3.8333333333333335,7,0.6627906976744186,56.68361894232542,0.5348837209302325
2026-04-25_nicusor-dan-a-semnat-demisiile-ministrilor-psd-anuntul-facut,2026-04-25,video-transcript,2026Q2 cotitură UE + criză guvern,4,80,49,20.0,11.916375287812984,19,4.325,4.0,7,0.6125,48.26985079936851,0.6
2026-04-29_nicusor-dan-i-wish-romania-would-be-governed-by-pro-western,2026-04-29,video-transcript,2026Q2 cotitură UE + criză guvern,5,120,72,24.2,21.428952377566198,36,5.05,3.2857142857142856,7,0.6,55.20281060364101,0.475
2026-05-04_nicusor-dan-europa-isi-consolideaza-apararea-pe-fondul-reori,2026-05-04,video-transcript,2026Q2 cotitură UE + criză guvern,6,149,87,25.5,16.28189178197669,40,4.489932885906041,5.0,8,0.5838926174496645,50.9694294735976,0.5704697986577181
2026-05-04_nicusor-dan-regardless-of-what-happens-romania-will-continue,2026-05-04,video-transcript,2026Q2 cotitură UE + criză guvern,74,1419,422,19.37837837837838,20.59970920309626,57,4.767441860465116,4.2631578947368425,13,0.2973925299506695,47.00214105793451,0.53276955602537
2026-05-04_nicusor-dan-the-state-will-function-regardless-of-the-outcom,2026-05-04,video-transcript,2026Q2 cotitură UE + criză guvern,6,55,34,9.166666666666666,4.3089055068157,13,4.072727272727272,2.5,4,0.6181818181818182,45.406976744186046,0.6363636363636364
2026-05-05_declaratii-de-presa-sustinute-de-presedintele-romaniei-nicus,2026-05-05,video-transcript,2026Q2 cotitură UE + criză guvern,22,244,126,11.363636363636363,7.306523207742612,22,5.200819672131147,3.727272727272727,8,0.5163934426229508,33.54738274579827,0.4426229508196721
2026-05-05_nicusor-dan-vom-avea-un-nou-guvern-pro-occidental-in-termen,2026-05-05,video-transcript,2026Q2 cotitură UE + criză guvern,12,142,84,11.833333333333334,7.625714074859819,17,5.014084507042254,3.9166666666666665,8,0.5915492957746479,28.523095418881297,0.5
2026-05-06_usr-attack-on-nicusor-dan-he-was-totally-disinterested-in-th,2026-05-06,video-transcript,2026Q2 cotitură UE + criză guvern,3,79,56,26.333333333333332,19.5021366350801,26,4.658227848101266,3.75,7,0.7088607594936709,79.0,0.4810126582278481
2026-05-09_mesajul-presedintelui-romaniei-nicusor-dan-cu-prilejul-zilei,2026-05-09,video-transcript,2026Q2 cotitură UE + criză guvern,35,765,273,22.257142857142856,15.33420409170461,40,4.767320261437908,4.685714285714286,8,0.3568627450980392,45.64508626522327,0.48104575163398694
2026-05-09_nicusor-dan-we-will-continue-discussions-for-a-pro-western-g,2026-05-09,video-transcript,2026Q2 cotitură UE + criză guvern,5,101,63,20.2,14.889593681494468,26,4.98019801980198,5.0,7,0.6237623762376238,46.61223798881754,0.504950495049505
2026-05-12_nicusor-dan-daca-ne-referim-la-europa-asa-ca-la-o-icoana-nu,2026-05-12,video-transcript,2026Q2 cotitură UE + criză guvern,28,576,196,20.714285714285715,20.233556914117337,54,4.203125,4.214285714285714,10,0.3402777777777778,44.30769230769231,0.5625
2026-05-12_nicusor-dan-i-will-convene-the-parties-for-formal-consultati,2026-05-12,video-transcript,2026Q2 cotitură UE + criză guvern,8,103,62,12.875,12.299099850918243,21,4.553398058252427,2.888888888888889,6,0.6019417475728155,51.5,0.5825242718446602
2026-05-12_nicusor-dan-suntem-intr-o-perioada-cu-provocari-statele-care,2026-05-12,video-transcript,2026Q2 cotitură UE + criză guvern,19,415,175,22.105263157894736,13.690608041208824,46,4.787951807228915,4.631578947368421,9,0.42168674698795183,40.16913191531687,0.5132530120481927
2026-05-13_nicusor-dan-am-discutat-cu-secretarul-general-al-nato-despre,2026-05-13,video-transcript,2026Q2 cotitură UE + criză guvern,26,564,226,21.76923076923077,18.59098209844266,37,5.083333333333333,5.0,12,0.40070921985815605,48.02577762502148,0.48936170212765956
2026-05-13_nicusor-dan-moldova-e-un-stat-pe-flancul-estic-amenintat-int,2026-05-13,video-transcript,2026Q2 cotitură UE + criză guvern,3,94,63,31.333333333333332,21.548395145191982,39,5.414893617021277,6.333333333333333,10,0.6702127659574468,62.597980917825716,0.4787234042553192
2026-05-13_summit-b9-la-bucuresti-nicusor-dan-trebuie-sa-sporim-cheltui,2026-05-13,video-transcript,2026Q2 cotitură UE + criză guvern,11,127,80,11.545454545454545,7.594256202731593,20,5.905511811023622,3.727272727272727,8,0.6299212598425197,42.826624293785315,0.4330708661417323
2026-05-13_summit-b9-la-bucuresti-nicusor-dan-trebuie-sa-sporim-cheltui_VSRZ5y,2026-05-13,video-transcript,2026Q2 cotitură UE + criză guvern,13,262,129,20.307692307692307,15.928928690617246,28,5.583969465648855,4.0,9,0.49236641221374045,40.83851468048359,0.4770992366412214
2026-05-15_nicusor-dan-i-would-not-like-to-appoint-a-government-that-wo,2026-05-15,video-transcript,2026Q2 cotitură UE + criză guvern,6,144,73,24.0,12.083045973594572,35,5.097222222222222,5.0,8,0.5069444444444444,31.236528177704646,0.625
2026-05-15_nicusor-dan-majoritatea-parlamentara-va-fi-cheia-consultaril,2026-05-15,video-transcript,2026Q2 cotitură UE + criză guvern,80,1683,446,21.35,18.350387158334275,47,4.626856803327391,4.378048780487805,11,0.2650029708853238,46.52631186769328,0.5864527629233511
