id,data,tip,period,n_words_raw,n_lemmas_clean,n_unique_lemmas,ttr_lemma,n_sentences
2025-05-08_dezbatere-euronews-simion,2025-05-08,dezbatere-electorala,2025Q2 campanie + investitură,63,34,28,0.824,5
2024-12-16_anunt-candidatura,2024-12-16,anunt-candidatura,2024Q4-2025Q1 candidatură-precampanie,113,55,44,0.8,9
2025-02-03_lansare-campanie-romania-onesta,2025-02-03,lansare-campanie,2024Q4-2025Q1 candidatură-precampanie,184,90,68,0.756,13
2025-05-19_discurs-victorie,2025-05-19,discurs-victorie,2025Q2 campanie + investitură,255,102,70,0.686,17
2025-05-26_discurs-investitura,2025-05-26,discurs-investitura,2025Q2 campanie + investitură,992,528,325,0.616,26
2025-06-04_conferinta-presa-cotroceni,2025-06-04,conferinta-presa,2025Q3 deficit + reforma economică,108,50,44,0.88,9
2025-09-04_autoevaluare-100-zile,2025-09-04,interviu-autoevaluare,2025Q4 stabilizare + diplomație,157,67,59,0.881,17
2025-12-31_mesaj-anul-nou,2025-12-31,mesaj-anul-nou,2025Q4-2026Q1 reformă judiciară,277,142,116,0.817,16
2024-12-04_political-studio-nicusor-dan-the-signal-is-good-even-if-it-i,2024-12-04,video-transcript,2024Q4-2025Q1 candidatură-precampanie,2282,916,434,0.474,0
2024-12-16_nicusor-dan-despre-calin-georgescu-in-ceea-ce-priveste-conte,2024-12-16,video-transcript,2024Q4-2025Q1 candidatură-precampanie,63,31,29,0.935,0
2024-12-16_nicusor-dan-intentionez-sa-candidez-ca-independent-la-aleger,2024-12-16,video-transcript,2024Q4-2025Q1 candidatură-precampanie,675,297,191,0.643,0
2024-12-16_nicusor-dan-si-a-anuntat-candidatura-la-alegerile-prezidenti,2024-12-16,video-transcript,2024Q4-2025Q1 candidatură-precampanie,2366,993,441,0.444,0
2024-12-18_nicusor-dan-iesirea-unui-partid-din-coalitie-ne-ar-lasa-cu-u,2024-12-18,video-transcript,2024Q4-2025Q1 candidatură-precampanie,3921,1555,592,0.381,0
2024-12-19_nicusor-dan-dupa-retragerea-psd-de-la-negocieri-sunt-surprin,2024-12-19,video-transcript,2024Q4-2025Q1 candidatură-precampanie,481,213,122,0.573,0
2024-12-23_nicusor-dan-despre-candidatura-lui-crin-antonescu-partidele,2024-12-23,video-transcript,2024Q4-2025Q1 candidatură-precampanie,518,230,156,0.678,0
2024-12-25_mesajul-lui-nicusor-dan-pentru-romani-stiri-b1tv-25-dec-2024,2024-12-25,video-transcript,2024Q4-2025Q1 candidatură-precampanie,199,96,73,0.76,0
2024-12-30_nicusor-dan-candidez-indiferent-de-ce-va-fi-stiri-b1tv-30-de,2024-12-30,video-transcript,2024Q4-2025Q1 candidatură-precampanie,205,91,63,0.692,0
2024-12-30_nicusor-dan-despre-calin-georgescu-stiri-b1tv-30-dec-2024,2024-12-30,video-transcript,2024Q4-2025Q1 candidatură-precampanie,583,246,149,0.606,0
2025-01-09_nicusor-dan-critica-decizia-coalitiei-privind-data-alegerilo,2025-01-09,video-transcript,2024Q4-2025Q1 candidatură-precampanie,478,215,140,0.651,0
2025-01-13_nicusor-dan-explicatiile-privind-anularea-prezidentialelor-s,2025-01-13,video-transcript,2024Q4-2025Q1 candidatură-precampanie,114,46,32,0.696,0
2025-01-18_nicusor-dan-cere-explicatii-pentru-anulare-stiri-b1tv-18-ian,2025-01-18,video-transcript,2024Q4-2025Q1 candidatură-precampanie,202,88,58,0.659,0
2025-01-30_nicusor-dan-despre-alegerile-prezidentiale-daca-va-castiga-g,2025-01-30,video-transcript,2024Q4-2025Q1 candidatură-precampanie,145,58,52,0.897,0
2025-02-04_nicusor-dan-declara-iar-ca-nu-se-retrage-din-cursa-in-turul,2025-02-04,video-transcript,2024Q4-2025Q1 candidatură-precampanie,85,34,27,0.794,0
2025-02-05_nicusor-dan-cand-statul-se-imprumuta-ca-sa-plateasca-deficit,2025-02-05,video-transcript,2024Q4-2025Q1 candidatură-precampanie,361,153,109,0.712,0
2025-02-05_nicusor-dan-despre-scandalul-nordis-mult-din-ce-se-construie,2025-02-05,video-transcript,2024Q4-2025Q1 candidatură-precampanie,5009,2060,810,0.393,0
2025-02-08_nicusor-dan-reactie-in-scandalul-cu-lasconi-stiri-b1tv-8-feb,2025-02-08,video-transcript,2024Q4-2025Q1 candidatură-precampanie,104,45,36,0.8,0
2025-02-16_nicusor-dan-vrem-sa-cumparam-inca-250-de-tramvaie-si-sa-mode,2025-02-16,video-transcript,2024Q4-2025Q1 candidatură-precampanie,288,141,88,0.624,0
2025-02-24_nicusor-dan-despre-demisia-lui-ciolacu-stiri-b1tv-24-febr-20,2025-02-24,video-transcript,2024Q4-2025Q1 candidatură-precampanie,166,73,56,0.767,0
2025-02-26_nicusor-dan-despre-dovezile-pe-care-vrea-sa-le-vada-in-legat,2025-02-26,video-transcript,2024Q4-2025Q1 candidatură-precampanie,195,78,59,0.756,0
2025-02-27_nicusor-dan-despre-inculparea-lui-calin-georgescu-trebuie-sa,2025-02-27,video-transcript,2024Q4-2025Q1 candidatură-precampanie,515,228,137,0.601,0
2025-02-27_sume-uriase-si-tehnologie-avansata-nicusor-dan-despre-campan,2025-02-27,video-transcript,2024Q4-2025Q1 candidatură-precampanie,128,57,41,0.719,0
2025-03-07_nicusor-dan-candidatura-mea-este-candidatura-celor-240-de-mi,2025-03-07,video-transcript,2025Q2 campanie + investitură,126,46,33,0.717,0
2025-03-07_nicusor-dan-fata-de-aceasta-decizie-a-ccr-ne-invartim-in-cee,2025-03-07,video-transcript,2025Q2 campanie + investitură,143,71,52,0.732,0
2025-03-07_nicusor-dan-primul-candidat-care-s-a-inscris-oficial-la-prez,2025-03-07,video-transcript,2025Q2 campanie + investitură,86,32,24,0.75,0
2025-03-14_buna-romania-nicusor-dan-romania-e-un-stat-bolnav-bec-trebui,2025-03-14,video-transcript,2025Q2 campanie + investitură,2907,1188,536,0.451,0
2025-03-14_nicusor-dan-despre-premierul-ciolacu-este-evident-ca-toata-l,2025-03-14,video-transcript,2025Q2 campanie + investitură,402,161,110,0.683,0
2025-03-19_nicusor-dan-am-discutat-cu-bolojan-la-cotroceni-despre-alege,2025-03-19,video-transcript,2025Q2 campanie + investitură,1231,494,269,0.545,0
2025-04-01_nicusor-dan-criticat-dur-dupa-declaratia-despre-introducerea,2025-04-01,video-transcript,2025Q2 campanie + investitură,1075,490,298,0.608,92
2025-04-02_nicusor-dan-ar-putea-fi-un-presedinte-care-sa-aduca-prestigi,2025-04-02,video-transcript,2025Q2 campanie + investitură,67,41,36,0.878,5
2025-04-08_crin-antonescu-il-troleaza-pe-nicusor-dan-nu-mananc-medenele,2025-04-08,video-transcript,2025Q2 campanie + investitură,54,21,19,0.905,4
2025-04-11_lasconi-arata-mesajul-de-la-nicusor-dan-cand-ii-cere-sa-se-v,2025-04-11,video-transcript,2025Q2 campanie + investitură,133,46,40,0.87,6
2025-05-02_nicusor-dan-mesaj-pentru-romani-sa-aleaga-pe-cei-care-au-dov,2025-05-02,video-transcript,2025Q2 campanie + investitură,187,81,61,0.753,12
2025-05-04_nicusor-dan-am-votat-pentru-speranta-si-pentru-un-nou-incepu,2025-05-04,video-transcript,2025Q2 campanie + investitură,136,52,35,0.673,12
2025-05-04_nicusor-dan-o-sa-fie-o-disputa-intre-un-candidat-pro-occiden,2025-05-04,video-transcript,2025Q2 campanie + investitură,621,260,156,0.6,42
2025-05-04_nicusor-dan-sa-ne-raportam-cu-pruden-a-la-rezultatele-exit-p,2025-05-04,video-transcript,2025Q2 campanie + investitură,223,92,71,0.772,10
2025-05-05_exclusiv-nicusor-dan-dupa-turul-i-al-prezidentialelor-urmeaz,2025-05-05,video-transcript,2025Q2 campanie + investitură,148,78,55,0.705,6
2025-05-05_nicusor-dan-despre-turul-doi-ii-chem-pe-toti-romanii-sa-fie,2025-05-05,video-transcript,2025Q2 campanie + investitură,220,94,62,0.66,15
2025-05-06_apelul-lui-nicusor-dan-dupa-evolutiile-pietei-financiare-din,2025-05-06,video-transcript,2025Q2 campanie + investitură,191,101,71,0.703,8
2025-05-07_editie-speciala-nicusor-dan-anunta-ca-accepta-invitatia-lui,2025-05-07,video-transcript,2025Q2 campanie + investitură,3524,1563,682,0.436,243
2025-05-07_interviu-nicusor-dan-despre-criza-economica-in-care-poate-in,2025-05-07,video-transcript,2025Q2 campanie + investitură,1826,799,385,0.482,102
2025-05-07_nicusor-dan-despre-planul-lui-simion-de-concediere-a-bugetar,2025-05-07,video-transcript,2025Q2 campanie + investitură,69,30,23,0.767,3
2025-05-07_nicusor-dan-interviu-exclusiv-pentru-euronews-romania,2025-05-07,video-transcript,2025Q2 campanie + investitură,124,46,32,0.696,7
2025-05-07_nicusor-dan-romania-are-nevoie-de-schimbare-dar-nu-una-care,2025-05-07,video-transcript,2025Q2 campanie + investitură,95,42,34,0.81,8
2025-05-07_nicusor-dan-romania-are-nevoie-de-schimbare-dar-nu-una-care_yMbfqR,2025-05-07,video-transcript,2025Q2 campanie + investitură,94,43,35,0.814,8
2025-05-10_nicusor-dan-nu-poti-sa-dai-afara-500-000-de-oameni-e-imposib,2025-05-10,video-transcript,2025Q2 campanie + investitură,195,79,56,0.709,18
2025-05-14_nicusor-dan-dau-in-scris-ca-tva-nu-va-creste,2025-05-14,video-transcript,2025Q2 campanie + investitură,88,35,30,0.857,6
2025-05-15_educatia-e-o-problema-de-securitate-nationala-nicusor-dan-ce,2025-05-15,video-transcript,2025Q2 campanie + investitură,249,118,75,0.636,12
2025-05-15_nicusor-dan-nu-sunt-izolationist-sunt-suveranist-ce-a-spus-c,2025-05-15,video-transcript,2025Q2 campanie + investitură,87,43,36,0.837,7
2025-05-15_nicusor-dan-prima-reactie-dupa-jignirea-lui-simion-n-dan-con,2025-05-15,video-transcript,2025Q2 campanie + investitură,77,38,35,0.921,4
2025-05-15_nicusor-dan-vs-george-simion-cele-mai-importante-momente-din,2025-05-15,video-transcript,2025Q2 campanie + investitură,501,235,155,0.66,34
2025-05-16_fiul-lui-ratiu-mesaj-pentru-nicusor-dan-b1tv-16-mai-2025,2025-05-16,video-transcript,2025Q2 campanie + investitură,54,25,23,0.92,8
2025-05-18_alegeri-prezidentiale-2025-mesajul-lui-nicusor-dan-dupa-apar,2025-05-18,video-transcript,2025Q2 campanie + investitură,327,161,95,0.59,15
2025-05-18_nicusor-dan-am-votat-pentru-o-directie-europeana-nu-pentru-i,2025-05-18,video-transcript,2025Q2 campanie + investitură,47,19,18,0.947,2
2025-05-18_nicusor-dan-dupa-ce-a-castigat-alegerile-prezidentiale-e-vic,2025-05-18,video-transcript,2025Q2 campanie + investitură,216,86,59,0.686,16
2025-05-18_nicusor-dan-incepem-o-noua-etapa-de-maine-la-munca-sustinato,2025-05-18,video-transcript,2025Q2 campanie + investitură,312,111,68,0.613,31
2025-05-18_romania-alege-cu-l-chiriac-discursul-presedintelui-nicusor-d,2025-05-18,video-transcript,2025Q2 campanie + investitură,435,186,110,0.591,34
2025-05-19_nicusor-dan-despre-scenariul-unei-victorii-a-lui-george-simi,2025-05-19,video-transcript,2025Q2 campanie + investitură,271,129,94,0.729,23
2025-05-19_nicusor-dan-despre-viitorul-premier-bolojan-ramane-optiunea,2025-05-19,video-transcript,2025Q2 campanie + investitură,202,91,72,0.791,16
2025-05-20_nicusor-dan-despre-planurile-pentru-romania-stiri-b1tv-20-ma,2025-05-20,video-transcript,2025Q2 campanie + investitură,192,87,63,0.724,17
2025-05-22_ce-spune-nicusor-dan-despre-relatiile-romaniei-cu-sua-si-ue,2025-05-22,video-transcript,2025Q2 campanie + investitură,1672,744,387,0.52,91
2025-05-22_nicusor-dan-anunta-primele-masuri-dupa-ce-a-fost-validat,2025-05-22,video-transcript,2025Q2 campanie + investitură,14,6,6,1.0,1
2025-05-22_nicusor-dan-daca-sunt-amenintari-institutiile-isi-vor-face-d,2025-05-22,video-transcript,2025Q2 campanie + investitură,59,31,23,0.742,4
2025-05-22_nicusor-dan-despre-cum-va-evita-romania-atacurile-hibride-tr,2025-05-22,video-transcript,2025Q2 campanie + investitură,71,36,34,0.944,4
2025-05-22_nicusor-dan-despre-subventiile-pentru-partide-b1tv-22-mai-20,2025-05-22,video-transcript,2025Q2 campanie + investitură,409,153,102,0.667,27
2025-05-22_nicusor-dan-o-tinta-realista-de-deficit-este-7-5-din-pib,2025-05-22,video-transcript,2025Q2 campanie + investitură,118,46,38,0.826,8
2025-05-22_nicusor-dan-statul-roman-trebuie-sa-rezolve-obstacolele-pe-c,2025-05-22,video-transcript,2025Q2 campanie + investitură,275,106,68,0.642,17
2025-05-22_nicusor-dan-trebuie-sa-lamurim-anularea-alegerilor-de-anul-t,2025-05-22,video-transcript,2025Q2 campanie + investitură,83,42,35,0.833,2
2025-05-22_nicusor-dan-urmeaza-un-nou-capitol-in-istoria-recenta-si-con,2025-05-22,video-transcript,2025Q2 campanie + investitură,86,45,40,0.889,6
2025-05-23_nicusor-dan-propune-o-tinta-de-deficit-bugetar-de-7-5-din-pi,2025-05-23,video-transcript,2025Q2 campanie + investitură,134,58,48,0.828,5
2025-05-24_nicusor-dan-e-un-deficit-de-implicare-in-politica-statul-est,2025-05-24,video-transcript,2025Q2 campanie + investitură,219,79,61,0.772,9
2025-05-26_live-investirea-lui-nicusor-dan-juramantul-de-la-parlament-s,2025-05-26,video-transcript,2025Q2 campanie + investitură,2463,1105,570,0.516,148
2025-05-26_nicusor-dan-oficial-presedintele-romaniei-ceremonia-de-inves,2025-05-26,video-transcript,2025Q2 campanie + investitură,2270,1097,540,0.492,134
2025-05-26_nicusor-dan-reformele-fiscale-sunt-inevitabile-e-obligatoriu,2025-05-26,video-transcript,2025Q2 campanie + investitură,867,363,208,0.573,59
2025-05-26_stirile-kanal-d-exclusiv-nicusor-dan-primul-discurs-ca-prese,2025-05-26,video-transcript,2025Q2 campanie + investitură,743,394,258,0.655,42
2025-05-27_nicusor-dan-despre-fetita-sa-mi-a-zis-ca-m-am-plictisit-la-d,2025-05-27,video-transcript,2025Q2 campanie + investitură,82,36,33,0.917,15
2025-05-28_mesajul-lui-nicusor-dan-inainte-de-consultarile-de-la-cotroc,2025-05-28,video-transcript,2025Q2 campanie + investitură,45,20,20,1.0,8
2025-05-29_nicusor-dan-explica-de-ce-nu-vrea-un-premier-tehnocrat-in-vi,2025-05-29,video-transcript,2025Q2 campanie + investitură,355,149,98,0.658,29
2025-05-30_nicusor-dan-dupa-decizia-ccr-privind-declaratiile-de-avere-d,2025-05-30,video-transcript,2025Q2 campanie + investitură,68,34,26,0.765,5
2025-05-30_nicusor-dan-primele-discutii-cu-partidele-privind-formarea-g,2025-05-30,video-transcript,2025Q2 campanie + investitură,76,40,29,0.725,5
2025-05-30_presedintele-nicusor-dan-l-am-invitat-pe-donald-trump-in-rom,2025-05-30,video-transcript,2025Q2 campanie + investitură,44,25,21,0.84,4
2025-06-02_briefing-nicusor-dan-avem-un-stat-disfunctional-si-trebuie-s,2025-06-02,video-transcript,2025Q3 deficit + reforma economică,1133,507,309,0.609,80
2025-06-02_conferinta-presa-nicusor-dan-concluzii-summit-si-situatia-di,2025-06-02,video-transcript,2025Q3 deficit + reforma economică,1454,630,339,0.538,85
2025-06-03_nicusor-dan-anunturi-de-ultima-ora-despre-situatia-economica,2025-06-03,video-transcript,2025Q3 deficit + reforma economică,134,51,32,0.627,8
2025-06-03_nicusor-dan-cere-implicarea-serviciilor-secrete-pentru-a-com,2025-06-03,video-transcript,2025Q3 deficit + reforma economică,143,68,56,0.824,5
2025-06-03_romania-lui-vitalie-nicusor-dan-cere-implicarea-serviciilor,2025-06-03,video-transcript,2025Q3 deficit + reforma economică,3292,1494,717,0.48,157
2025-06-04_conferinta-de-presa-sustinuta-de-presedintele-romaniei-nicus_74PzSE,2025-06-04,video-transcript,2025Q3 deficit + reforma economică,4360,1842,639,0.347,263
2025-06-04_nicusor-dan-amenintarea-ruseasca-vizeaza-toata-europa-relati,2025-06-04,video-transcript,2025Q3 deficit + reforma economică,167,78,61,0.782,7
2025-06-04_nicusor-dan-despre-cheltuielile-statului-platim-o-pizza-medi,2025-06-04,video-transcript,2025Q3 deficit + reforma economică,57,29,25,0.862,6
2025-06-04_nicusor-dan-despre-situatia-bugetului,2025-06-04,video-transcript,2025Q3 deficit + reforma economică,105,48,38,0.792,8
2025-06-04_nicusor-dan-luni-vom-avea-o-prima-schita-a-programului-de-gu,2025-06-04,video-transcript,2025Q3 deficit + reforma economică,55,27,24,0.889,5
2025-06-04_zamfir-si-buzaianu-au-comentat-conferinta-de-presa-a-lui-nic,2025-06-04,video-transcript,2025Q3 deficit + reforma economică,98,47,36,0.766,14
2025-06-05_alocutiunea-presedintelui-romaniei-nicusor-dan-la-forumul-na,2025-06-05,video-transcript,2025Q3 deficit + reforma economică,395,166,112,0.675,19
2025-06-09_nicusor-dan-taxele-pe-tranzactii-bancare-doar-scenarii-guver,2025-06-09,video-transcript,2025Q3 deficit + reforma economică,107,42,30,0.714,13
2025-06-10_conferinta-sustinuta-de-presedinta-moldovei-maia-sandu-si-pr,2025-06-10,video-transcript,2025Q3 deficit + reforma economică,839,396,251,0.634,42
2025-06-10_nicusor-dan-a-confirmat-continuarea-sprijinului-romaniei-pen,2025-06-10,video-transcript,2025Q3 deficit + reforma economică,126,66,55,0.833,9
2025-06-10_studio-politic-nicusor-dan-romania-sprijina-aderarea-republi,2025-06-10,video-transcript,2025Q3 deficit + reforma economică,523,241,166,0.689,21
2025-06-11_editie-speciala-nicusor-dan-prezinta-prioritatile-partidelor,2025-06-11,video-transcript,2025Q3 deficit + reforma economică,213,108,53,0.491,14
2025-06-11_taxele-ultima-optiune-nicusor-dan-prioritatea-taierea-unor-c,2025-06-11,video-transcript,2025Q3 deficit + reforma economică,113,59,51,0.864,6
2025-06-20_declaratie-de-presa-sustinuta-de-presedintele-romaniei-nicus,2025-06-20,video-transcript,2025Q3 deficit + reforma economică,270,127,92,0.724,14
2025-06-25_nicusor-dan-crestem-cheltuielile-de-aparare-pentru-ca-orice,2025-06-25,video-transcript,2025Q3 deficit + reforma economică,60,25,23,0.92,2
2025-06-26_declaratia-presedintelui-romaniei-nicusor-dan-dupa-participa,2025-06-26,video-transcript,2025Q3 deficit + reforma economică,503,207,132,0.638,31
2025-06-26_nicusor-dan-declaratie-de-la-summitul-nato-digi24v-stiriledi,2025-06-26,video-transcript,2025Q3 deficit + reforma economică,62,37,29,0.784,4
2025-07-14_conferinta-de-presa-sustinuta-de-presedintele-romaniei-nicus_cp-szg,2025-07-14,video-transcript,2025Q3 deficit + reforma economică,6226,2580,905,0.351,379
2025-07-14_nicusor-dan-despre-cresterea-tva-digi24-stiriledigi24,2025-07-14,video-transcript,2025Q3 deficit + reforma economică,86,38,28,0.737,2
2025-07-14_nicusor-dan-despre-introducerea-femicidului-in-legislatia-ro,2025-07-14,video-transcript,2025Q3 deficit + reforma economică,118,51,41,0.804,8
2025-07-14_nicusor-dan-despre-primele-de-pensionare-de-la-ccr-si-pensii,2025-07-14,video-transcript,2025Q3 deficit + reforma economică,177,80,59,0.738,8
2025-07-14_nicusor-dan-nu-ne-dorim-sa-avem-rusia-ca-vecin-vom-ajuta-ucr,2025-07-14,video-transcript,2025Q3 deficit + reforma economică,81,37,29,0.784,5
2025-07-15_nicusor-dan-masura-cresterii-tva-putea-sa-nu-fie-luata,2025-07-15,video-transcript,2025Q3 deficit + reforma economică,103,47,39,0.83,7
2025-07-16_nicusor-dan-despre-femicid-digi24-stiriledigi24,2025-07-16,video-transcript,2025Q3 deficit + reforma economică,87,44,34,0.773,3
2025-07-16_nicusor-dan-despre-femicid-trebuie-sa-ajungem-sa-transmitem,2025-07-16,video-transcript,2025Q3 deficit + reforma economică,326,171,103,0.602,15
2025-07-18_declaratia-presedintelui-romaniei-nicusor-dan-si-cancelarul,2025-07-18,video-transcript,2025Q3 deficit + reforma economică,832,401,230,0.574,35
2025-07-18_nicusor-dan-despre-interferentele-rusesti-in-alegerile-prezi,2025-07-18,video-transcript,2025Q3 deficit + reforma economică,1420,547,300,0.548,84
2025-07-21_nicusor-dan-despre-influenta-rusiei-in-alegeri-anuntul-impor,2025-07-21,video-transcript,2025Q3 deficit + reforma economică,144,80,66,0.825,5
2025-07-30_nicusor-dan-propune-reguli-noi-privind-cererile-de-pensionar,2025-07-30,video-transcript,2025Q3 deficit + reforma economică,3361,1397,578,0.414,205
2025-07-30_ora-14-presedintele-nicusor-dan-sustine-o-conferinta-de-pres,2025-07-30,video-transcript,2025Q3 deficit + reforma economică,6970,2908,998,0.343,452
2025-07-31_conferinta-de-presa-sustinuta-de-presedintele-romaniei-nicus_nGAQ5B,2025-07-31,video-transcript,2025Q3 deficit + reforma economică,6956,2907,1000,0.344,446
2025-07-31_nicusor-dan-despre-valul-de-pensionari-din-justitie-ce-este,2025-07-31,video-transcript,2025Q3 deficit + reforma economică,94,43,37,0.86,7
2025-08-24_nicusor-dan-mesaj-pentru-ucraina-ucraina-celebreaza-ziua-ind,2025-08-24,video-transcript,2025Q3 deficit + reforma economică,98,94,71,0.755,4
2025-08-26_discursul-presedintelui-romaniei-nicusor-dan-cu-ocazia-reuni,2025-08-26,video-transcript,2025Q3 deficit + reforma economică,828,394,219,0.556,43
2025-08-29_editie-speciala-nicusor-dan-reactioneaza-in-cazul-livratorul,2025-08-29,video-transcript,2025Q3 deficit + reforma economică,484,208,143,0.688,21
2025-08-31_nicusor-dan-sunteti-mai-europeni-decat-europenii-si-locul-du,2025-08-31,video-transcript,2025Q3 deficit + reforma economică,52,23,22,0.957,2
2025-09-01_nicusor-dan-2025-si-2026-vor-fi-ani-dificili-pentru-romani,2025-09-01,video-transcript,2025Q4 stabilizare + diplomație,158,54,43,0.796,6
2025-09-02_conferinta-presedintele-romaniei-nicusor-dan-si-presedinta-c,2025-09-02,video-transcript,2025Q4 stabilizare + diplomație,348,169,114,0.675,18
2025-09-03_nicusor-dan-coalitia-de-guvernare-functioneaza-si-va-merge-i,2025-09-03,video-transcript,2025Q4 stabilizare + diplomație,44,17,14,0.824,3
2025-09-03_nicusor-dan-energia-nucleara-reprezinta-20-din-necesarul-de,2025-09-03,video-transcript,2025Q4 stabilizare + diplomație,299,140,100,0.714,15
2025-09-05_nicusor-dan-despre-pensiile-specialilor-au-fost-suprasolicit,2025-09-05,video-transcript,2025Q4 stabilizare + diplomație,174,86,63,0.733,9
2025-09-05_nicusor-dan-romania-nu-va-trimite-trupe-de-mentinere-a-pacii,2025-09-05,video-transcript,2025Q4 stabilizare + diplomație,88,39,29,0.744,6
2025-09-10_alocutiunea-presedintelui-romaniei-nicusor-dan-sustinuta-in,2025-09-10,video-transcript,2025Q4 stabilizare + diplomație,442,199,143,0.719,21
2025-09-10_nicusor-dan-daca-se-va-intampla-si-la-noi-vom-reactiona-la-f,2025-09-10,video-transcript,2025Q4 stabilizare + diplomație,64,25,24,0.96,5
2025-09-11_ce-spune-nicusor-dan-despre-vizita-in-sua-sper-sa-fie-o-vizi,2025-09-11,video-transcript,2025Q4 stabilizare + diplomație,121,53,45,0.849,5
2025-09-11_nicusor-dan-daca-ucraina-cedeaza-romania-ar-fi-vecina-direct,2025-09-11,video-transcript,2025Q4 stabilizare + diplomație,493,209,146,0.699,27
2025-09-11_nicusor-dan-de-zece-ani-romania-e-in-razboiul-hibrid-al-fede,2025-09-11,video-transcript,2025Q4 stabilizare + diplomație,793,330,189,0.573,58
2025-09-11_nicusor-dan-despre-cresterea-aur-in-sondaje-arata-ca-cei-40,2025-09-11,video-transcript,2025Q4 stabilizare + diplomație,433,184,135,0.734,28
2025-09-12_nicusor-dan-romania-de-10-ani-sub-atacul-hibrid-al-rusiei-ab,2025-09-12,video-transcript,2025Q4 stabilizare + diplomație,70,26,21,0.808,4
2025-09-16_nicusor-dan-reactie-dupa-incidentul-din-spatiul-aerian-roman,2025-09-16,video-transcript,2025Q4 stabilizare + diplomație,135,57,47,0.825,7
2025-09-16_nicusor-dan-we-don-t-know-if-the-russian-drone-was-armed,2025-09-16,video-transcript,2025Q4 stabilizare + diplomație,91,33,24,0.727,9
2025-09-25_nicusor-dan-au-fost-80-000-de-atacuri-cibernetice-in-perioad,2025-09-25,video-transcript,2025Q4 stabilizare + diplomație,129,50,46,0.92,8
2025-09-25_nicusor-dan-georgescu-nu-a-fost-un-calaret-singuratic-in-jur,2025-09-25,video-transcript,2025Q4 stabilizare + diplomație,83,28,23,0.821,4
2025-09-25_nicusor-dan-nu-vad-rusia-capabila-sa-atace-nato-dar-provocar,2025-09-25,video-transcript,2025Q4 stabilizare + diplomație,119,57,47,0.825,6
2025-09-25_nicusor-dan-primul-interviu-dupa-sedinta-csat-la-digi24,2025-09-25,video-transcript,2025Q4 stabilizare + diplomație,1987,805,408,0.507,119
2025-09-25_nicusor-dan-primul-interviu-dupa-sedinta-csat-rusia-ramane-i,2025-09-25,video-transcript,2025Q4 stabilizare + diplomație,6450,2638,997,0.378,368
2025-09-26_nicusor-dan-despre-influenta-sri-in-romania-stiri-b1tv-26-se,2025-09-26,video-transcript,2025Q4 stabilizare + diplomație,128,54,44,0.815,7
2025-09-26_nicusor-dan-sri-a-intervenit-in-viata-politica-si-economica,2025-09-26,video-transcript,2025Q4 stabilizare + diplomație,147,62,47,0.758,6
2025-09-30_nicusor-dan-a-anuntat-cand-va-desecretiza-sedinta-csat-si-ac,2025-09-30,video-transcript,2025Q4 stabilizare + diplomație,168,74,57,0.77,9
2025-09-30_nicusor-dan-avem-dovada-cu-peschir-banuim-ca-au-fost-20-de-m,2025-09-30,video-transcript,2025Q4 stabilizare + diplomație,207,69,53,0.768,14
2025-09-30_nicusor-dan-despre-aderarea-moldovei-la-ue-poate-fi-facuta-c,2025-09-30,video-transcript,2025Q4 stabilizare + diplomație,133,63,49,0.778,9
2025-09-30_nicusor-dan-despre-anularea-alegerilor-avem-dovada-ca-au-fos,2025-09-30,video-transcript,2025Q4 stabilizare + diplomație,342,141,98,0.695,16
2025-09-30_nicusor-dan-despre-stagiul-militar-voluntar-romania-sa-aiba,2025-09-30,video-transcript,2025Q4 stabilizare + diplomație,183,83,58,0.699,8
2025-10-02_nicusor-dan-amenin-area-nu-mai-este-o-chestiune-de-vecinatat,2025-10-02,video-transcript,2025Q4 stabilizare + diplomație,77,27,23,0.852,2
2025-10-02_nicusor-dan-zidul-anti-drone-ar-putea-fi-operational-in-cate,2025-10-02,video-transcript,2025Q4 stabilizare + diplomație,25,12,11,0.917,1
2025-10-14_studio-politic-nicusor-dan-vrea-sa-implice-sri-in-lupta-anti,2025-10-14,video-transcript,2025Q4 stabilizare + diplomație,117,56,46,0.821,5
2025-10-21_nicusor-dan-in-principiu-imi-doresc-un-al-doilea-mandat-la-c,2025-10-21,video-transcript,2025Q4 stabilizare + diplomație,73,30,26,0.867,5
2025-10-23_nicusor-dan-avem-un-razboi-hibrid-de-cel-putin-10-ani,2025-10-23,video-transcript,2025Q4 stabilizare + diplomație,540,247,148,0.599,37
2025-10-23_nicusor-dan-trebuie-sa-ne-echipam-ca-sa-descurajam-rusia-de,2025-10-23,video-transcript,2025Q4 stabilizare + diplomație,76,32,30,0.938,4
2025-10-24_nicusor-dan-a-society-is-defined-by-the-institutions-it-has,2025-10-24,video-transcript,2025Q4 stabilizare + diplomație,295,139,95,0.683,14
2025-10-27_nicusor-dan-catedrala-nationala-simbol-de-speranta-intr-o-pe,2025-10-27,video-transcript,2025Q4 stabilizare + diplomație,213,129,105,0.814,7
2025-11-02_nicusor-dan-reactie-despre-reducerea-numarului-de-militari-a,2025-11-02,video-transcript,2025Q4 stabilizare + diplomație,593,259,153,0.591,44
2025-11-06_rutte-nato-isi-va-juca-rolul-sau-nicusor-dan-reinarmarea-nu,2025-11-06,video-transcript,2025Q4 stabilizare + diplomație,727,382,257,0.673,31
2025-11-07_nicusor-dan-despre-intalnirea-lui-bolojan-nu-cred-ca-premier,2025-11-07,video-transcript,2025Q4 stabilizare + diplomație,86,41,34,0.829,8
2025-11-07_nicusor-dan-despre-salariul-minim-sa-inghete,2025-11-07,video-transcript,2025Q4 stabilizare + diplomație,84,42,34,0.81,4
2025-11-11_nicusor-dan-declaratia-oanei-gheorghiu-e-nefericita-reactia,2025-11-11,video-transcript,2025Q4 stabilizare + diplomație,50,29,24,0.828,5
2025-11-11_posibile-fragmente-de-drona-cazute-in-tulcea-nicusor-dan-a-f,2025-11-11,video-transcript,2025Q4 stabilizare + diplomație,4,2,2,1.0,2
2025-11-11_presedintele-romaniei-nicusor-dan-despre-pensii-si-justitie,2025-11-11,video-transcript,2025Q4 stabilizare + diplomație,106,42,30,0.714,6
2025-11-12_ce-l-a-socat-pe-nicusor-dan-dupa-ce-a-ajuns-presedinte,2025-11-12,video-transcript,2025Q4 stabilizare + diplomație,133,56,47,0.839,9
2025-11-12_conferinta-de-presa-sustinuta-de-presedintele-romaniei-nicus_6l2Eup,2025-11-12,video-transcript,2025Q4 stabilizare + diplomație,5990,2547,910,0.357,358
2025-11-12_nicusor-dan-conferinta-de-presa-presedintele-prezinta-strate,2025-11-12,video-transcript,2025Q4 stabilizare + diplomație,5098,2140,802,0.375,311
2025-11-12_nicusor-dan-e-mai-bine-sa-fii-vecin-cu-ucraina-decat-cu-rusi,2025-11-12,video-transcript,2025Q4 stabilizare + diplomație,183,66,50,0.758,6
2025-11-12_nicusor-dan-nu-ne-dorim-sa-fim-vecini-cu-rusia,2025-11-12,video-transcript,2025Q4 stabilizare + diplomație,315,128,91,0.711,15
2025-11-12_nicusor-dan-nu-vrem-sa-aparam-statul-vrem-sa-aparam-cetateni,2025-11-12,video-transcript,2025Q4 stabilizare + diplomație,1715,807,401,0.497,80
2025-11-12_nicusor-dan-serviciile-de-informatii-vor-fi-implicate-in-lup,2025-11-12,video-transcript,2025Q4 stabilizare + diplomație,89,44,39,0.886,7
2025-11-21_nicusor-dan-despre-aducerea-in-tara-a-mercenarului-horatiu-p,2025-11-21,video-transcript,2025Q4 stabilizare + diplomație,75,38,32,0.842,5
2025-11-21_nicusor-dan-orice-plan-de-pace-trebuie-aprobat-de-ucraina,2025-11-21,video-transcript,2025Q4 stabilizare + diplomație,375,170,123,0.724,32
2025-11-21_prima-reactie-a-lui-nicusor-dan-dupa-informatiile-aparute-cu,2025-11-21,video-transcript,2025Q4 stabilizare + diplomație,151,66,39,0.591,10
2025-11-26_nicusor-dan-declaratii-din-parlament-despre-problemele-inter,2025-11-26,video-transcript,2025Q4 stabilizare + diplomație,1001,500,297,0.594,48
2025-11-26_nicusor-dan-declaratii-dupa-sustinerea-discursului-in-parlam,2025-11-26,video-transcript,2025Q4 stabilizare + diplomație,258,107,84,0.785,13
2025-11-26_nicusor-dan-drone-care-din-cand-in-cand-intra-pe-teritoriul,2025-11-26,video-transcript,2025Q4 stabilizare + diplomație,117,50,44,0.88,6
2025-11-26_nicusor-dan-vom-sustine-in-continuare-ucraina-si-republica-m,2025-11-26,video-transcript,2025Q4 stabilizare + diplomație,46,27,23,0.852,5
2025-12-01_nicusor-dan-mesaj-de-ziua-nationala-e-o-zi-de-sarbatoare-sa,2025-12-01,video-transcript,2025Q4-2026Q1 reformă judiciară,65,24,23,0.958,9
2025-12-01_nicusor-dan-suntem-membri-ai-ue-dar-de-multe-ori-vocea-roman,2025-12-01,video-transcript,2025Q4-2026Q1 reformă judiciară,67,33,28,0.848,3
2025-12-02_nicusor-dan-mesaj-de-1-decembrie-digi24-stiriledigi24,2025-12-02,video-transcript,2025Q4-2026Q1 reformă judiciară,152,66,46,0.697,9
2025-12-02_nicusor-dan-mesaj-de-1-decembrie-totusi-suntem-mai-putin-cor,2025-12-02,video-transcript,2025Q4-2026Q1 reformă judiciară,1122,471,215,0.456,50
2025-12-03_nicusor-dan-despre-criza-apei-potabile-din-prahova-vinova-ia,2025-12-03,video-transcript,2025Q4-2026Q1 reformă judiciară,747,323,190,0.588,53
2025-12-03_nicusor-dan-despre-criza-apei-potabile-din-prahova-vinova-ia_cxJ5Wc,2025-12-03,video-transcript,2025Q4-2026Q1 reformă judiciară,84,35,32,0.914,6
2025-12-03_nicusor-dan-dupa-amenintarile-lui-putin-sunt-declaratii-pent,2025-12-03,video-transcript,2025Q4-2026Q1 reformă judiciară,73,38,27,0.711,7
2025-12-03_nicusor-dan-vinovatia-este-la-apele-romane,2025-12-03,video-transcript,2025Q4-2026Q1 reformă judiciară,279,119,85,0.714,17
2025-12-04_nicusor-dan-despre-alegerile-anulate-au-aparut-suficiente-in,2025-12-04,video-transcript,2025Q4-2026Q1 reformă judiciară,138,56,51,0.911,8
2025-12-04_nicusor-dan-despre-demisia-lui-mosteanu-intensitatea-critici,2025-12-04,video-transcript,2025Q4-2026Q1 reformă judiciară,124,57,47,0.825,9
2025-12-04_nicusor-dan-vinovatia-este-la-apele-romane-newsroom-din-3-de,2025-12-04,video-transcript,2025Q4-2026Q1 reformă judiciară,621,273,169,0.619,35
2025-12-07_presedintele-nicusor-dan-de-mult-nu-am-mai-votat-pentru-altc,2025-12-07,video-transcript,2025Q4-2026Q1 reformă judiciară,104,34,30,0.882,5
2025-12-09_nicusor-dan-nu-vad-vreun-motiv-pentru-care-un-ministru-trebu,2025-12-09,video-transcript,2025Q4-2026Q1 reformă judiciară,108,42,36,0.857,5
2025-12-10_nicusor-dan-nu-toti-votantii-aur-sunt-extremisti-stiri-b1tv,2025-12-10,video-transcript,2025Q4-2026Q1 reformă judiciară,156,59,48,0.814,9
2025-12-10_romania-lui-vitalie-nicusor-dan-despre-strategia-de-securita,2025-12-10,video-transcript,2025Q4-2026Q1 reformă judiciară,2712,1197,625,0.522,157
2025-12-11_nicusor-dan-judecatorii-sa-se-implice-in-rezolvarea-probleme,2025-12-11,video-transcript,2025Q4-2026Q1 reformă judiciară,39,17,17,1.0,1
2025-12-15_nicusor-dan-anunturi-majore-in-scandalurile-momentului,2025-12-15,video-transcript,2025Q4-2026Q1 reformă judiciară,306,125,95,0.76,16
2025-12-16_nicusor-dan-declara-ca-rusia-va-continua-sa-fie-o-amenintare,2025-12-16,video-transcript,2025Q4-2026Q1 reformă judiciară,809,345,213,0.617,41
2025-12-16_nicusor-dan-sunt-destul-de-pesimist-cu-privire-la-intentia-r,2025-12-16,video-transcript,2025Q4-2026Q1 reformă judiciară,78,30,28,0.933,3
2025-12-16_nicusor-dan-trebuie-sa-fim-calmi-dar-sa-investim-in-aparare,2025-12-16,video-transcript,2025Q4-2026Q1 reformă judiciară,57,25,24,0.96,4
2025-12-17_declaratia-presedintelui-romaniei-nicusor-dan-in-regatul-mar,2025-12-17,video-transcript,2025Q4-2026Q1 reformă judiciară,810,345,221,0.641,49
2025-12-17_nicusor-dan-despre-cresterea-impozitelor-nu-e-nici-fericire,2025-12-17,video-transcript,2025Q4-2026Q1 reformă judiciară,78,35,28,0.8,4
2025-12-17_nicusor-dan-sunt-probleme-la-modul-in-care-se-fac-promovaril,2025-12-17,video-transcript,2025Q4-2026Q1 reformă judiciară,589,277,164,0.592,44
2025-12-18_nicusor-dan-avem-atacuri-cibernetice-campanie-de-dezinformar,2025-12-18,video-transcript,2025Q4-2026Q1 reformă judiciară,245,90,71,0.789,10
2025-12-18_nicusor-dan-problema-fundamentala-este-de-ce-nu-reusim-in-15,2025-12-18,video-transcript,2025Q4-2026Q1 reformă judiciară,47,22,19,0.864,3
2025-12-18_nicusor-dan-problema-fundamentala-este-de-ce-nu-reusim-in-15_wynkjt,2025-12-18,video-transcript,2025Q4-2026Q1 reformă judiciară,186,80,68,0.85,11
2025-12-18_nicusor-dan-sustinem-oricare-dintre-variantele-de-ajutor-fin,2025-12-18,video-transcript,2025Q4-2026Q1 reformă judiciară,342,153,111,0.725,15
2025-12-19_nicusor-dan-anunt-inainte-de-intalnirea-cu-magistratii,2025-12-19,video-transcript,2025Q4-2026Q1 reformă judiciară,87,49,38,0.776,6
2025-12-21_declaratia-presedintelui-romaniei-nicusor-dan-pe-tema-proble,2025-12-21,video-transcript,2025Q4-2026Q1 reformă judiciară,1321,552,287,0.52,50
2025-12-21_nicusor-dan-exista-magistrati-care-actioneaza-in-interesul-u_i-HYCW,2025-12-21,video-transcript,2025Q4-2026Q1 reformă judiciară,108,54,44,0.815,3
2025-12-21_nicusor-dan-magistratii-intimidati-inainte-de-discutiile-de,2025-12-21,video-transcript,2025Q4-2026Q1 reformă judiciară,282,132,84,0.636,11
2025-12-21_nicusor-dan-magistratii-intimidati-inainte-de-discutiile-de__MoX2e,2025-12-21,video-transcript,2025Q4-2026Q1 reformă judiciară,125,48,44,0.917,4
2025-12-21_nicusor-dan-voi-face-un-referendum-daca-csm-nu-actioneaza-in,2025-12-21,video-transcript,2025Q4-2026Q1 reformă judiciară,122,69,43,0.623,3
2025-12-21_nicusor-dan-voi-initia-in-ianuarie-un-referendum-in-cadrul-c,2025-12-21,video-transcript,2025Q4-2026Q1 reformă judiciară,178,84,55,0.655,6
2025-12-22_discutii-publice-la-cotroceni-intre-presedintele-romaniei-ni_7lGgIp,2025-12-22,video-transcript,2025Q4-2026Q1 reformă judiciară,11438,5243,1598,0.305,605
2025-12-22_nicusor-dan-anunta-un-referendum-printre-magistrati-digi24,2025-12-22,video-transcript,2025Q4-2026Q1 reformă judiciară,146,81,50,0.617,6
2025-12-22_nicusor-dan-multe-dintre-cele-semnalate-necesita-verificari,2025-12-22,video-transcript,2025Q4-2026Q1 reformă judiciară,49,26,20,0.769,2
2026-01-01_nicusor-dan-mesaj-de-condoleante-dupa-incediul-din-elvetia,2026-01-01,video-transcript,2025Q4-2026Q1 reformă judiciară,72,41,37,0.902,4
2026-01-06_declaratia-presedintelui-romaniei-nicusor-dan-dupa-participa_iZQQF2,2026-01-06,video-transcript,2025Q4-2026Q1 reformă judiciară,2402,1017,494,0.486,142
2026-01-06_nicusor-dan-declaratii-la-bordul-avionului-spartan-cu-care-a,2026-01-06,video-transcript,2025Q4-2026Q1 reformă judiciară,46,23,17,0.739,2
2026-01-06_nicusor-dan-suntem-intr-un-context-international-dificil,2026-01-06,video-transcript,2025Q4-2026Q1 reformă judiciară,90,48,35,0.729,9
2026-01-07_garantii-de-securitate-pentru-ucraina-si-mize-interne-nicuso,2026-01-07,video-transcript,2025Q4-2026Q1 reformă judiciară,2280,964,470,0.488,134
2026-01-07_nicusor-dan-e-nevoie-de-un-avion-prezidential,2026-01-07,video-transcript,2025Q4-2026Q1 reformă judiciară,194,71,60,0.845,17
2026-01-07_nicusor-dan-mi-ar-fi-placut-mai-degraba-ca-taxele-sa-scada,2026-01-07,video-transcript,2025Q4-2026Q1 reformă judiciară,118,45,37,0.822,6
2026-01-15_nicusor-dan-despre-taierile-pentru-romani-dureroase-dar-obli,2026-01-15,video-transcript,2025Q4-2026Q1 reformă judiciară,27,12,11,0.917,1
2026-01-15_nicusor-dan-ne-asteapta-o-perioada-complicata-si-dificil-de,2026-01-15,video-transcript,2025Q4-2026Q1 reformă judiciară,82,47,46,0.979,4
2026-01-15_nicusor-dan-romania-sustine-pacea-in-ucraina-si-integrarea-r,2026-01-15,video-transcript,2025Q4-2026Q1 reformă judiciară,1996,1161,613,0.528,94
2026-01-20_nicusor-dan-anunta-azi-daca-merge-la-davos-pentru-consiliul,2026-01-20,video-transcript,2025Q4-2026Q1 reformă judiciară,41,23,22,0.957,3
2026-01-22_nicusor-dan-despre-pozitia-romaniei-cu-privire-la-groenlanda,2026-01-22,video-transcript,2025Q4-2026Q1 reformă judiciară,242,114,81,0.711,11
2026-01-23_nicusor-dan-explica-ce-inseamna-ca-nu-a-mers-teleleu-la-davo,2026-01-23,video-transcript,2025Q4-2026Q1 reformă judiciară,115,50,40,0.8,13
2026-01-24_discursul-lui-nicusor-dan-de-la-iasi-bruiat-de-simpatizantii,2026-01-24,video-transcript,2025Q4-2026Q1 reformă judiciară,440,176,111,0.631,26
2026-01-24_huiduieli-si-aplauze-la-focsani-nicusor-dan-este-un-drept-pe,2026-01-24,video-transcript,2025Q4-2026Q1 reformă judiciară,353,135,87,0.644,23
2026-01-24_iasi-nicusor-dan-prezent-la-ceremonia-de-ziua-unirii-princip,2026-01-24,video-transcript,2025Q4-2026Q1 reformă judiciară,2,0,0,0.0,1
2026-01-24_nicusor-dan-e-democratie-e-libertate-sa-spuna-fiecare-ce-vre,2026-01-24,video-transcript,2025Q4-2026Q1 reformă judiciară,1402,589,327,0.555,102
2026-01-24_nicusor-dan-la-multi-ani-dragi-focsaneni-care-huiduiti-autor,2026-01-24,video-transcript,2025Q4-2026Q1 reformă judiciară,91,37,24,0.649,10
2026-01-24_nicusor-dan-mae-analizeaza-participarea-romaniei-la-consiliu,2026-01-24,video-transcript,2025Q4-2026Q1 reformă judiciară,54,24,20,0.833,3
2026-01-24_nicusor-dan-nu-facem-comedii-din-relatia-intre-guvern-si-par,2026-01-24,video-transcript,2025Q4-2026Q1 reformă judiciară,111,58,35,0.603,12
2026-01-24_ziua-unirii-principatelor-umbrita-de-proteste-discursul-lui,2026-01-24,video-transcript,2025Q4-2026Q1 reformă judiciară,180,68,53,0.779,13
2026-01-30_nicusor-dan-despre-numirile-la-sri-si-sie-digi24-stiriledigi,2026-01-30,video-transcript,2025Q4-2026Q1 reformă judiciară,158,62,48,0.774,10
2026-01-30_nicusor-dan-despre-tensiunile-din-coalitie-nu-exista-alterna,2026-01-30,video-transcript,2025Q4-2026Q1 reformă judiciară,4576,1926,759,0.394,292
2026-01-30_nicusor-dan-despre-tensiunile-din-coalitie-nu-exista-alterna_9sksTM,2026-01-30,video-transcript,2025Q4-2026Q1 reformă judiciară,80,35,29,0.829,10
2026-01-30_nicusor-dan-despre-vizita-in-sua-digi24-stiriledigi24,2026-01-30,video-transcript,2025Q4-2026Q1 reformă judiciară,96,40,31,0.775,6
2026-01-30_nicusor-dan-nu-exista-risc-de-crestere-de-taxe-in-viitorul-a,2026-01-30,video-transcript,2025Q4-2026Q1 reformă judiciară,112,37,34,0.919,6
2026-01-30_nicusor-dan-un-guvern-minoritar-putin-probabil-bolojan-a-rap,2026-01-30,video-transcript,2025Q4-2026Q1 reformă judiciară,122,58,46,0.793,9
2026-02-09_participa-sau-nu-romania-la-consiliul-pentru-pace-al-lui-tru,2026-02-09,video-transcript,2025Q4-2026Q1 reformă judiciară,50,17,16,0.941,2
2026-02-12_ce-spune-nicusor-dan-despre-participarea-romaniei-la-prima-e,2026-02-12,video-transcript,2025Q4-2026Q1 reformă judiciară,97,42,32,0.762,5
2026-02-12_declaratii-de-presa-sustinute-de-presedintele-romaniei-nicus,2026-02-12,video-transcript,2025Q4-2026Q1 reformă judiciară,664,295,164,0.556,39
2026-02-12_nicusor-dan-anunt-de-la-consiliul-european-il-refuza-din-nou,2026-02-12,video-transcript,2025Q4-2026Q1 reformă judiciară,1750,798,379,0.475,84
2026-02-12_nicusor-dan-despre-candidatii-la-sefia-parchetelor-sunt-pers,2026-02-12,video-transcript,2025Q4-2026Q1 reformă judiciară,139,66,45,0.682,8
2026-02-12_nicusor-dan-dupa-summitul-din-belgia-comisia-europeana-va-pr,2026-02-12,video-transcript,2025Q4-2026Q1 reformă judiciară,2873,1245,556,0.447,142
2026-02-12_nicusor-dan-este-evidenta-tergiversarea-ccr-imi-doresc-o-asu,2026-02-12,video-transcript,2025Q4-2026Q1 reformă judiciară,54,24,19,0.792,4
2026-02-12_nicusor-dan-pretul-energiei-este-o-chestiune-foarte-importan,2026-02-12,video-transcript,2025Q4-2026Q1 reformă judiciară,113,50,39,0.78,3
2026-02-12_nicusor-dan-romania-poate-fi-cel-mult-observator-in-consiliu,2026-02-12,video-transcript,2025Q4-2026Q1 reformă judiciară,174,64,46,0.719,7
2026-02-13_declaratiile-presedintelui-romaniei-nicusor-dan-dupa-reuniun,2026-02-13,video-transcript,2025Q4-2026Q1 reformă judiciară,2371,1008,498,0.494,124
2026-02-13_nicusor-dan-despre-propunerile-privind-scaderea-pretului-ene,2026-02-13,video-transcript,2025Q4-2026Q1 reformă judiciară,85,41,33,0.805,5
2026-02-13_nicusor-dan-in-ciuda-atacurilor-coalitia-functioneaza-mai-bi,2026-02-13,video-transcript,2025Q4-2026Q1 reformă judiciară,138,51,44,0.863,5
2026-02-17_nicusor-dan-prezenta-la-consiliul-de-pace-necesara-dupa-anul,2026-02-17,video-transcript,2025Q4-2026Q1 reformă judiciară,158,75,59,0.787,8
2026-02-19_declaratii-de-presa-sustinute-de-presedintele-romaniei-nicus,2026-02-19,video-transcript,2025Q4-2026Q1 reformă judiciară,861,379,233,0.615,46
2026-02-19_interviu-exclusiv-cu-nicusor-dan-dupa-intalnirea-cu-trump,2026-02-19,video-transcript,2025Q4-2026Q1 reformă judiciară,1375,578,316,0.547,61
2026-02-19_nicusor-dan-discurs-la-consiliul-pentru-pace-in-sua-avem-bur,2026-02-19,video-transcript,2025Q4-2026Q1 reformă judiciară,184,87,64,0.736,14
2026-02-19_prima-reactie-a-lui-nicusor-dan-dupa-ce-donald-trump-l-a-num,2026-02-19,video-transcript,2025Q4-2026Q1 reformă judiciară,27,16,15,0.938,7
2026-02-20_nicusor-dan-nu-alegem-intre-sua-si-ue-romania-trebuie-sa-fie,2026-02-20,video-transcript,2025Q4-2026Q1 reformă judiciară,113,55,39,0.709,8
2026-02-20_presedintele-nicusor-dan-problema-legitimitatii-administrati,2026-02-20,video-transcript,2025Q4-2026Q1 reformă judiciară,771,350,206,0.589,54
2026-02-24_nicusor-dan-explica-de-ce-nu-a-promulgat-legea-pensiilor-spe,2026-02-24,video-transcript,2025Q4-2026Q1 reformă judiciară,78,42,38,0.905,6
2026-03-05_acum-nicusor-dan-anunta-daca-romania-va-gazdui-arme-nucleare,2026-03-05,video-transcript,2026Q2 cotitură UE + criză guvern,517,249,164,0.659,27
2026-03-05_nicusor-dan-conferinta-de-presa-in-polonia-stiri-b1tv-5-mar,2026-03-05,video-transcript,2026Q2 cotitură UE + criză guvern,792,383,232,0.606,46
2026-03-05_nicusor-dan-despre-propunerile-pentru-sefia-parchetelor-stir,2026-03-05,video-transcript,2026Q2 cotitură UE + criză guvern,141,52,41,0.788,3
2026-03-05_nicusor-dan-despre-scumpirile-la-pompa-nu-putem-umbla-la-acc,2026-03-05,video-transcript,2026Q2 cotitură UE + criză guvern,183,88,62,0.705,9
2026-03-05_nicusor-dan-despre-situatia-din-orient-nu-o-sa-plangem-iranu,2026-03-05,video-transcript,2026Q2 cotitură UE + criză guvern,83,43,39,0.907,6
2026-03-05_nicusor-dan-despre-umbrela-nucleara-propusa-de-franta-stiri,2026-03-05,video-transcript,2026Q2 cotitură UE + criză guvern,163,81,59,0.728,7
2026-03-05_nicusor-dan-dezbaterea-pe-buget-este-o-dezbatere-legitima,2026-03-05,video-transcript,2026Q2 cotitură UE + criză guvern,101,46,38,0.826,9
2026-03-05_nicusor-dan-nu-o-sa-plangem-republica-islamica-iran,2026-03-05,video-transcript,2026Q2 cotitură UE + criză guvern,133,65,57,0.877,8
2026-03-05_nicusor-dan-polonia-participa-la-brigada-multinationala-care,2026-03-05,video-transcript,2026Q2 cotitură UE + criză guvern,149,72,50,0.694,7
2026-03-05_nicusor-dan-polonia-si-romania-impreuna-au-multe-oportunitat,2026-03-05,video-transcript,2026Q2 cotitură UE + criză guvern,1726,780,407,0.522,92
2026-03-05_nicusor-dan-romania-este-acoperita-de-o-umbrela-nucleara,2026-03-05,video-transcript,2026Q2 cotitură UE + criză guvern,63,29,25,0.862,4
2026-03-05_pretul-carburantilor-nicusor-dan-exclude-modificarea-taxelor,2026-03-05,video-transcript,2026Q2 cotitură UE + criză guvern,146,71,51,0.718,7
2026-03-06_declaratii-de-presa-sustinute-de-presedintele-romaniei-nicus_Ry-ZYl,2026-03-06,video-transcript,2026Q2 cotitură UE + criză guvern,1780,808,415,0.514,93
2026-03-06_nicusor-dan-romania-nu-va-gazdui-focoase-nucleare-in-viitoru,2026-03-06,video-transcript,2026Q2 cotitură UE + criză guvern,103,53,40,0.755,4
2026-03-07_nicusor-dan-imi-voi-asuma-in-justitie-vin-din-societatea-civ,2026-03-07,video-transcript,2026Q2 cotitură UE + criză guvern,151,62,45,0.726,11
2026-03-11_ce-trimite-sua-in-tara-noastra-declaratiile-lui-nicusor-dan,2026-03-11,video-transcript,2026Q2 cotitură UE + criză guvern,139,67,49,0.731,8
2026-03-11_declaratie-sustinuta-de-presedintele-romaniei-nicusor-dan-du,2026-03-11,video-transcript,2026Q2 cotitură UE + criză guvern,504,246,159,0.646,27
2026-03-12_nicusor-dan-we-will-produce-drones-in-romania-together-with,2026-03-12,video-transcript,2026Q2 cotitură UE + criză guvern,356,171,106,0.62,17
2026-03-13_conferinta-sustinuta-de-presedintii-romaniei-si-ucrainei-nic,2026-03-13,video-transcript,2026Q2 cotitură UE + criză guvern,841,396,209,0.528,41
2026-03-19_conferinta-presedintelui-romaniei-nicusor-dan-si-a-secretaru,2026-03-19,video-transcript-diarizat,2026Q2 cotitură UE + criză guvern,39,18,18,1.0,3
2026-03-19_nicusor-dan-romania-has-taken-a-clear-position-on-the-transa,2026-03-19,video-transcript,2026Q2 cotitură UE + criză guvern,151,60,47,0.783,6
2026-03-19_nicusor-dan-romania-has-taken-a-clear-position-on-the-transa_BurJvC,2026-03-19,video-transcript,2026Q2 cotitură UE + criză guvern,309,137,90,0.657,16
2026-03-26_ce-a-spus-nicusor-dan-despre-o-eventuala-rationalizare-a-car,2026-03-26,video-transcript,2026Q2 cotitură UE + criză guvern,87,42,31,0.738,6
2026-03-26_nicusor-dan-a-anuntat-ca-va-promulga-legea-bugetului-asa-cum,2026-03-26,video-transcript,2026Q2 cotitură UE + criză guvern,58,30,27,0.9,10
2026-03-27_nicusor-dan-if-the-measures-are-not-sufficient-the-governmen,2026-03-27,video-transcript,2026Q2 cotitură UE + criză guvern,165,70,54,0.771,8
2026-03-30_nicusor-dan-despre-iesirea-psd-de-la-guvernare-un-guvern-min,2026-03-30,video-transcript,2026Q2 cotitură UE + criză guvern,62,27,24,0.889,4
2026-03-30_o-posibila-iesire-a-psd-de-la-guvernare-nicusor-dan-nu-cred,2026-03-30,video-transcript,2026Q2 cotitură UE + criză guvern,521,242,136,0.562,38
2026-03-31_carburantii-s-ar-putea-ieftini-nicusor-dan-cred-ca-va-fi-o-s,2026-03-31,video-transcript,2026Q2 cotitură UE + criză guvern,74,34,30,0.882,5
2026-03-31_carburantii-s-ar-putea-ieftini-nicusor-dan-cred-ca-va-fi-o-s_eIg4Ys,2026-03-31,video-transcript,2026Q2 cotitură UE + criză guvern,130,60,50,0.833,8
2026-04-01_presedintele-nicusor-dan-trecerea-romaniei-la-euro-esentiala,2026-04-01,video-transcript,2026Q2 cotitură UE + criză guvern,98,40,32,0.8,5
2026-04-07_declaratiile-presedintelui-nicusor-dan-dupa-vizita-la-centru,2026-04-07,video-transcript,2026Q2 cotitură UE + criză guvern,1993,861,437,0.508,132
2026-04-07_nicusor-dan-despre-demisia-lui-bolojan-in-ce-calitate-sa-i-o,2026-04-07,video-transcript,2026Q2 cotitură UE + criză guvern,78,34,32,0.941,5
2026-04-07_nicusor-dan-intrebat-daca-ii-va-cere-demisia-lui-bolojan-eu,2026-04-07,video-transcript,2026Q2 cotitură UE + criză guvern,1398,592,341,0.576,91
2026-04-07_nicusor-dan-nu-sunt-riscuri-acum-dar-avem-un-plan-de-criza-p,2026-04-07,video-transcript,2026Q2 cotitură UE + criză guvern,116,52,40,0.769,6
2026-04-08_nicusor-dan-anunta-numiri-in-fruntea-parchetelor-astept-o-di,2026-04-08,video-transcript,2026Q2 cotitură UE + criză guvern,3441,1489,637,0.428,221
2026-04-08_nicusor-dan-i-was-happy-that-the-head-of-the-iasi-dna-is-run,2026-04-08,video-transcript,2026Q2 cotitură UE + criză guvern,2021,892,414,0.464,92
2026-04-08_nicusor-dan-if-i-make-a-mistake-romanians-will-penalize-me,2026-04-08,video-transcript,2026Q2 cotitură UE + criză guvern,897,388,228,0.588,60
2026-04-08_nicusor-dan-respinge-acuzatiile-nu-sunt-propunerile-psd,2026-04-08,video-transcript,2026Q2 cotitură UE + criză guvern,93,48,39,0.812,3
2026-04-09_conferinta-de-presa-sustinuta-de-presedintele-romaniei-nicus_yJJ1E7,2026-04-09,video-transcript,2026Q2 cotitură UE + criză guvern,5206,2259,835,0.37,310
2026-04-17_nicusor-dan-calin-georgescu-a-fost-sustinut-de-o-infrastruct,2026-04-17,video-transcript,2026Q2 cotitură UE + criză guvern,63,24,19,0.792,7
2026-04-20_nicusor-dan-lack-of-financial-education-led-to-unhealthy-dec,2026-04-20,video-transcript,2026Q2 cotitură UE + criză guvern,441,206,131,0.636,22
2026-04-20_nicusor-dan-traim-un-razboi-informational-ce-a-anuntat-prese,2026-04-20,video-transcript,2026Q2 cotitură UE + criză guvern,255,113,77,0.681,13
2026-04-20_we-will-enter-political-turbulence-nicusor-dan-i-do-not-supp,2026-04-20,video-transcript,2026Q2 cotitură UE + criză guvern,1251,573,270,0.471,106
2026-04-22_declaratie-de-presa-sustinuta-de-presedintele-romaniei-nicus,2026-04-22,video-transcript,2026Q2 cotitură UE + criză guvern,273,130,97,0.746,17
2026-04-22_kelemen-hunor-at-the-end-of-discussions-with-nicusor-dan-we,2026-04-22,video-transcript,2026Q2 cotitură UE + criză guvern,160,72,49,0.681,11
2026-04-23_nicusor-dan-despre-situatia-demisiilor-ministrilor-psd-aprec,2026-04-23,video-transcript,2026Q2 cotitură UE + criză guvern,462,197,135,0.685,33
2026-04-24_nicusor-dan-reacts-to-george-simion-s-new-discriminatory-sta,2026-04-24,video-transcript,2026Q2 cotitură UE + criză guvern,1663,716,393,0.549,78
2026-04-24_nicusor-dan-simion-s-statement-to-me-is-below-any-level-of-d,2026-04-24,video-transcript,2026Q2 cotitură UE + criză guvern,83,37,31,0.838,5
2026-04-25_nicusor-dan-a-semnat-demisiile-ministrilor-psd-anuntul-facut,2026-04-25,video-transcript,2026Q2 cotitură UE + criză guvern,79,35,25,0.714,5
2026-04-29_nicusor-dan-i-wish-romania-would-be-governed-by-pro-western,2026-04-29,video-transcript,2026Q2 cotitură UE + criză guvern,116,49,40,0.816,11
2026-05-04_nicusor-dan-europa-isi-consolideaza-apararea-pe-fondul-reori,2026-05-04,video-transcript,2026Q2 cotitură UE + criză guvern,137,69,54,0.783,7
2026-05-04_nicusor-dan-regardless-of-what-happens-romania-will-continue,2026-05-04,video-transcript,2026Q2 cotitură UE + criză guvern,1333,632,329,0.521,83
2026-05-04_nicusor-dan-the-state-will-function-regardless-of-the-outcom,2026-05-04,video-transcript,2026Q2 cotitură UE + criză guvern,53,18,15,0.833,6
2026-05-05_declaratii-de-presa-sustinute-de-presedintele-romaniei-nicus,2026-05-05,video-transcript,2026Q2 cotitură UE + criză guvern,234,133,89,0.669,23
2026-05-05_nicusor-dan-vom-avea-un-nou-guvern-pro-occidental-in-termen,2026-05-05,video-transcript,2026Q2 cotitură UE + criză guvern,133,72,55,0.764,13
2026-05-06_usr-attack-on-nicusor-dan-he-was-totally-disinterested-in-th,2026-05-06,video-transcript,2026Q2 cotitură UE + criză guvern,74,37,33,0.892,4
2026-05-09_mesajul-presedintelui-romaniei-nicusor-dan-cu-prilejul-zilei,2026-05-09,video-transcript,2026Q2 cotitură UE + criză guvern,719,357,202,0.566,42
2026-05-09_nicusor-dan-we-will-continue-discussions-for-a-pro-western-g,2026-05-09,video-transcript,2026Q2 cotitură UE + criză guvern,99,53,42,0.792,5
2026-05-12_nicusor-dan-daca-ne-referim-la-europa-asa-ca-la-o-icoana-nu,2026-05-12,video-transcript,2026Q2 cotitură UE + criză guvern,526,209,126,0.603,36
2026-05-12_nicusor-dan-i-will-convene-the-parties-for-formal-consultati,2026-05-12,video-transcript,2026Q2 cotitură UE + criză guvern,97,41,30,0.732,9
2026-05-12_nicusor-dan-suntem-intr-o-perioada-cu-provocari-statele-care,2026-05-12,video-transcript,2026Q2 cotitură UE + criză guvern,391,180,117,0.65,20
2026-05-13_nicusor-dan-am-discutat-cu-secretarul-general-al-nato-despre,2026-05-13,video-transcript,2026Q2 cotitură UE + criză guvern,526,261,168,0.644,27
2026-05-13_nicusor-dan-moldova-e-un-stat-pe-flancul-estic-amenintat-int,2026-05-13,video-transcript,2026Q2 cotitură UE + criză guvern,87,46,39,0.848,3
2026-05-13_summit-b9-la-bucuresti-nicusor-dan-trebuie-sa-sporim-cheltui,2026-05-13,video-transcript,2026Q2 cotitură UE + criză guvern,121,66,54,0.818,10
2026-05-13_summit-b9-la-bucuresti-nicusor-dan-trebuie-sa-sporim-cheltui_VSRZ5y,2026-05-13,video-transcript,2026Q2 cotitură UE + criză guvern,245,124,88,0.71,16
2026-05-15_nicusor-dan-i-would-not-like-to-appoint-a-government-that-wo,2026-05-15,video-transcript,2026Q2 cotitură UE + criză guvern,130,57,41,0.719,6
2026-05-15_nicusor-dan-majoritatea-parlamentara-va-fi-cheia-consultaril,2026-05-15,video-transcript,2026Q2 cotitură UE + criză guvern,1569,655,346,0.528,96
