id,data,period,topic_id,topic_label
2025-05-08_dezbatere-euronews-simion,2025-05-08,2025Q2 campanie + investitură,0,0_românia_parte_trebuie_spus
2024-12-16_anunt-candidatura,2024-12-16,2024Q4-2025Q1 candidatură-precampanie,-1,-1_românia_trebuie_spus_ani
2025-02-03_lansare-campanie-romania-onesta,2025-02-03,2024Q4-2025Q1 candidatură-precampanie,-1,-1_românia_trebuie_spus_ani
2025-05-19_discurs-victorie,2025-05-19,2025Q2 campanie + investitură,7,7_nicușor_românia_împreună_construit
2025-05-26_discurs-investitura,2025-05-26,2025Q2 campanie + investitură,5,5_românia_național_privește_statului
2025-06-04_conferinta-presa-cotroceni,2025-06-04,2025Q3 deficit + reforma economică,1,1_există_cred_spus_momentul
2025-09-04_autoevaluare-100-zile,2025-09-04,2025Q4 stabilizare + diplomație,1,1_există_cred_spus_momentul
2025-12-31_mesaj-anul-nou,2025-12-31,2025Q4-2026Q1 reformă judiciară,5,5_românia_național_privește_statului
2024-12-04_political-studio-nicusor-dan-the-signal-is-good-even-if-it-i,2024-12-04,2024Q4-2025Q1 candidatură-precampanie,3,3_cred_trebuie_oamenii_făcut
2024-12-16_nicusor-dan-despre-calin-georgescu-in-ceea-ce-priveste-conte,2024-12-16,2024Q4-2025Q1 candidatură-precampanie,3,3_cred_trebuie_oamenii_făcut
2024-12-16_nicusor-dan-intentionez-sa-candidez-ca-independent-la-aleger,2024-12-16,2024Q4-2025Q1 candidatură-precampanie,-1,-1_românia_trebuie_spus_ani
2024-12-16_nicusor-dan-si-a-anuntat-candidatura-la-alegerile-prezidenti,2024-12-16,2024Q4-2025Q1 candidatură-precampanie,-1,-1_românia_trebuie_spus_ani
2024-12-18_nicusor-dan-iesirea-unui-partid-din-coalitie-ne-ar-lasa-cu-u,2024-12-18,2024Q4-2025Q1 candidatură-precampanie,3,3_cred_trebuie_oamenii_făcut
2024-12-19_nicusor-dan-dupa-retragerea-psd-de-la-negocieri-sunt-surprin,2024-12-19,2024Q4-2025Q1 candidatură-precampanie,3,3_cred_trebuie_oamenii_făcut
2024-12-23_nicusor-dan-despre-candidatura-lui-crin-antonescu-partidele,2024-12-23,2024Q4-2025Q1 candidatură-precampanie,3,3_cred_trebuie_oamenii_făcut
2024-12-25_mesajul-lui-nicusor-dan-pentru-romani-stiri-b1tv-25-dec-2024,2024-12-25,2024Q4-2025Q1 candidatură-precampanie,5,5_românia_național_privește_statului
2024-12-30_nicusor-dan-candidez-indiferent-de-ce-va-fi-stiri-b1tv-30-de,2024-12-30,2024Q4-2025Q1 candidatură-precampanie,3,3_cred_trebuie_oamenii_făcut
2024-12-30_nicusor-dan-despre-calin-georgescu-stiri-b1tv-30-dec-2024,2024-12-30,2024Q4-2025Q1 candidatură-precampanie,4,4_momentul_campania_trebuie_există
2025-01-09_nicusor-dan-critica-decizia-coalitiei-privind-data-alegerilo,2025-01-09,2024Q4-2025Q1 candidatură-precampanie,3,3_cred_trebuie_oamenii_făcut
2025-01-13_nicusor-dan-explicatiile-privind-anularea-prezidentialelor-s,2025-01-13,2024Q4-2025Q1 candidatură-precampanie,4,4_momentul_campania_trebuie_există
2025-01-18_nicusor-dan-cere-explicatii-pentru-anulare-stiri-b1tv-18-ian,2025-01-18,2024Q4-2025Q1 candidatură-precampanie,3,3_cred_trebuie_oamenii_făcut
2025-01-30_nicusor-dan-despre-alegerile-prezidentiale-daca-va-castiga-g,2025-01-30,2024Q4-2025Q1 candidatură-precampanie,3,3_cred_trebuie_oamenii_făcut
2025-02-04_nicusor-dan-declara-iar-ca-nu-se-retrage-din-cursa-in-turul,2025-02-04,2024Q4-2025Q1 candidatură-precampanie,3,3_cred_trebuie_oamenii_făcut
2025-02-05_nicusor-dan-cand-statul-se-imprumuta-ca-sa-plateasca-deficit,2025-02-05,2024Q4-2025Q1 candidatură-precampanie,-1,-1_românia_trebuie_spus_ani
2025-02-05_nicusor-dan-despre-scandalul-nordis-mult-din-ce-se-construie,2025-02-05,2024Q4-2025Q1 candidatură-precampanie,3,3_cred_trebuie_oamenii_făcut
2025-02-08_nicusor-dan-reactie-in-scandalul-cu-lasconi-stiri-b1tv-8-feb,2025-02-08,2024Q4-2025Q1 candidatură-precampanie,3,3_cred_trebuie_oamenii_făcut
2025-02-16_nicusor-dan-vrem-sa-cumparam-inca-250-de-tramvaie-si-sa-mode,2025-02-16,2024Q4-2025Q1 candidatură-precampanie,-1,-1_românia_trebuie_spus_ani
2025-02-24_nicusor-dan-despre-demisia-lui-ciolacu-stiri-b1tv-24-febr-20,2025-02-24,2024Q4-2025Q1 candidatură-precampanie,3,3_cred_trebuie_oamenii_făcut
2025-02-26_nicusor-dan-despre-dovezile-pe-care-vrea-sa-le-vada-in-legat,2025-02-26,2024Q4-2025Q1 candidatură-precampanie,4,4_momentul_campania_trebuie_există
2025-02-27_nicusor-dan-despre-inculparea-lui-calin-georgescu-trebuie-sa,2025-02-27,2024Q4-2025Q1 candidatură-precampanie,4,4_momentul_campania_trebuie_există
2025-02-27_sume-uriase-si-tehnologie-avansata-nicusor-dan-despre-campan,2025-02-27,2024Q4-2025Q1 candidatură-precampanie,4,4_momentul_campania_trebuie_există
2025-03-07_nicusor-dan-candidatura-mea-este-candidatura-celor-240-de-mi,2025-03-07,2025Q2 campanie + investitură,3,3_cred_trebuie_oamenii_făcut
2025-03-07_nicusor-dan-fata-de-aceasta-decizie-a-ccr-ne-invartim-in-cee,2025-03-07,2025Q2 campanie + investitură,3,3_cred_trebuie_oamenii_făcut
2025-03-07_nicusor-dan-primul-candidat-care-s-a-inscris-oficial-la-prez,2025-03-07,2025Q2 campanie + investitură,-1,-1_românia_trebuie_spus_ani
2025-03-14_buna-romania-nicusor-dan-romania-e-un-stat-bolnav-bec-trebui,2025-03-14,2025Q2 campanie + investitură,3,3_cred_trebuie_oamenii_făcut
2025-03-14_nicusor-dan-despre-premierul-ciolacu-este-evident-ca-toata-l,2025-03-14,2025Q2 campanie + investitură,3,3_cred_trebuie_oamenii_făcut
2025-03-19_nicusor-dan-am-discutat-cu-bolojan-la-cotroceni-despre-alege,2025-03-19,2025Q2 campanie + investitură,3,3_cred_trebuie_oamenii_făcut
2025-04-01_nicusor-dan-criticat-dur-dupa-declaratia-despre-introducerea,2025-04-01,2025Q2 campanie + investitură,5,5_românia_național_privește_statului
2025-04-02_nicusor-dan-ar-putea-fi-un-presedinte-care-sa-aduca-prestigi,2025-04-02,2025Q2 campanie + investitură,-1,-1_românia_trebuie_spus_ani
2025-04-08_crin-antonescu-il-troleaza-pe-nicusor-dan-nu-mananc-medenele,2025-04-08,2025Q2 campanie + investitură,-1,-1_românia_trebuie_spus_ani
2025-04-11_lasconi-arata-mesajul-de-la-nicusor-dan-cand-ii-cere-sa-se-v,2025-04-11,2025Q2 campanie + investitură,-1,-1_românia_trebuie_spus_ani
2025-05-02_nicusor-dan-mesaj-pentru-romani-sa-aleaga-pe-cei-care-au-dov,2025-05-02,2025Q2 campanie + investitură,4,4_momentul_campania_trebuie_există
2025-05-04_nicusor-dan-am-votat-pentru-speranta-si-pentru-un-nou-incepu,2025-05-04,2025Q2 campanie + investitură,7,7_nicușor_românia_împreună_construit
2025-05-04_nicusor-dan-o-sa-fie-o-disputa-intre-un-candidat-pro-occiden,2025-05-04,2025Q2 campanie + investitură,-1,-1_românia_trebuie_spus_ani
2025-05-04_nicusor-dan-sa-ne-raportam-cu-pruden-a-la-rezultatele-exit-p,2025-05-04,2025Q2 campanie + investitură,7,7_nicușor_românia_împreună_construit
2025-05-05_exclusiv-nicusor-dan-dupa-turul-i-al-prezidentialelor-urmeaz,2025-05-05,2025Q2 campanie + investitură,-1,-1_românia_trebuie_spus_ani
2025-05-05_nicusor-dan-despre-turul-doi-ii-chem-pe-toti-romanii-sa-fie,2025-05-05,2025Q2 campanie + investitură,7,7_nicușor_românia_împreună_construit
2025-05-06_apelul-lui-nicusor-dan-dupa-evolutiile-pietei-financiare-din,2025-05-06,2025Q2 campanie + investitură,-1,-1_românia_trebuie_spus_ani
2025-05-07_editie-speciala-nicusor-dan-anunta-ca-accepta-invitatia-lui,2025-05-07,2025Q2 campanie + investitură,1,1_există_cred_spus_momentul
2025-05-07_interviu-nicusor-dan-despre-criza-economica-in-care-poate-in,2025-05-07,2025Q2 campanie + investitură,3,3_cred_trebuie_oamenii_făcut
2025-05-07_nicusor-dan-despre-planul-lui-simion-de-concediere-a-bugetar,2025-05-07,2025Q2 campanie + investitură,-1,-1_românia_trebuie_spus_ani
2025-05-07_nicusor-dan-interviu-exclusiv-pentru-euronews-romania,2025-05-07,2025Q2 campanie + investitură,1,1_există_cred_spus_momentul
2025-05-07_nicusor-dan-romania-are-nevoie-de-schimbare-dar-nu-una-care,2025-05-07,2025Q2 campanie + investitură,-1,-1_românia_trebuie_spus_ani
2025-05-07_nicusor-dan-romania-are-nevoie-de-schimbare-dar-nu-una-care_yMbfqR,2025-05-07,2025Q2 campanie + investitură,-1,-1_românia_trebuie_spus_ani
2025-05-10_nicusor-dan-nu-poti-sa-dai-afara-500-000-de-oameni-e-imposib,2025-05-10,2025Q2 campanie + investitură,-1,-1_românia_trebuie_spus_ani
2025-05-14_nicusor-dan-dau-in-scris-ca-tva-nu-va-creste,2025-05-14,2025Q2 campanie + investitură,1,1_există_cred_spus_momentul
2025-05-15_educatia-e-o-problema-de-securitate-nationala-nicusor-dan-ce,2025-05-15,2025Q2 campanie + investitură,5,5_românia_național_privește_statului
2025-05-15_nicusor-dan-nu-sunt-izolationist-sunt-suveranist-ce-a-spus-c,2025-05-15,2025Q2 campanie + investitură,3,3_cred_trebuie_oamenii_făcut
2025-05-15_nicusor-dan-prima-reactie-dupa-jignirea-lui-simion-n-dan-con,2025-05-15,2025Q2 campanie + investitură,-1,-1_românia_trebuie_spus_ani
2025-05-15_nicusor-dan-vs-george-simion-cele-mai-importante-momente-din,2025-05-15,2025Q2 campanie + investitură,-1,-1_românia_trebuie_spus_ani
2025-05-16_fiul-lui-ratiu-mesaj-pentru-nicusor-dan-b1tv-16-mai-2025,2025-05-16,2025Q2 campanie + investitură,3,3_cred_trebuie_oamenii_făcut
2025-05-18_alegeri-prezidentiale-2025-mesajul-lui-nicusor-dan-dupa-apar,2025-05-18,2025Q2 campanie + investitură,7,7_nicușor_românia_împreună_construit
2025-05-18_nicusor-dan-am-votat-pentru-o-directie-europeana-nu-pentru-i,2025-05-18,2025Q2 campanie + investitură,-1,-1_românia_trebuie_spus_ani
2025-05-18_nicusor-dan-dupa-ce-a-castigat-alegerile-prezidentiale-e-vic,2025-05-18,2025Q2 campanie + investitură,7,7_nicușor_românia_împreună_construit
2025-05-18_nicusor-dan-incepem-o-noua-etapa-de-maine-la-munca-sustinato,2025-05-18,2025Q2 campanie + investitură,7,7_nicușor_românia_împreună_construit
2025-05-18_romania-alege-cu-l-chiriac-discursul-presedintelui-nicusor-d,2025-05-18,2025Q2 campanie + investitură,7,7_nicușor_românia_împreună_construit
2025-05-19_nicusor-dan-despre-scenariul-unei-victorii-a-lui-george-simi,2025-05-19,2025Q2 campanie + investitură,-1,-1_românia_trebuie_spus_ani
2025-05-19_nicusor-dan-despre-viitorul-premier-bolojan-ramane-optiunea,2025-05-19,2025Q2 campanie + investitură,1,1_există_cred_spus_momentul
2025-05-20_nicusor-dan-despre-planurile-pentru-romania-stiri-b1tv-20-ma,2025-05-20,2025Q2 campanie + investitură,-1,-1_românia_trebuie_spus_ani
2025-05-22_ce-spune-nicusor-dan-despre-relatiile-romaniei-cu-sua-si-ue,2025-05-22,2025Q2 campanie + investitură,0,0_românia_parte_trebuie_spus
2025-05-22_nicusor-dan-anunta-primele-masuri-dupa-ce-a-fost-validat,2025-05-22,2025Q2 campanie + investitură,2,2_trebuie_cred_momentul_spus
2025-05-22_nicusor-dan-daca-sunt-amenintari-institutiile-isi-vor-face-d,2025-05-22,2025Q2 campanie + investitură,2,2_trebuie_cred_momentul_spus
2025-05-22_nicusor-dan-despre-cum-va-evita-romania-atacurile-hibride-tr,2025-05-22,2025Q2 campanie + investitură,-1,-1_românia_trebuie_spus_ani
2025-05-22_nicusor-dan-despre-subventiile-pentru-partide-b1tv-22-mai-20,2025-05-22,2025Q2 campanie + investitură,1,1_există_cred_spus_momentul
2025-05-22_nicusor-dan-o-tinta-realista-de-deficit-este-7-5-din-pib,2025-05-22,2025Q2 campanie + investitură,1,1_există_cred_spus_momentul
2025-05-22_nicusor-dan-statul-roman-trebuie-sa-rezolve-obstacolele-pe-c,2025-05-22,2025Q2 campanie + investitură,-1,-1_românia_trebuie_spus_ani
2025-05-22_nicusor-dan-trebuie-sa-lamurim-anularea-alegerilor-de-anul-t,2025-05-22,2025Q2 campanie + investitură,0,0_românia_parte_trebuie_spus
2025-05-22_nicusor-dan-urmeaza-un-nou-capitol-in-istoria-recenta-si-con,2025-05-22,2025Q2 campanie + investitură,5,5_românia_național_privește_statului
2025-05-23_nicusor-dan-propune-o-tinta-de-deficit-bugetar-de-7-5-din-pi,2025-05-23,2025Q2 campanie + investitură,1,1_există_cred_spus_momentul
2025-05-24_nicusor-dan-e-un-deficit-de-implicare-in-politica-statul-est,2025-05-24,2025Q2 campanie + investitură,5,5_românia_național_privește_statului
2025-05-26_live-investirea-lui-nicusor-dan-juramantul-de-la-parlament-s,2025-05-26,2025Q2 campanie + investitură,-1,-1_românia_trebuie_spus_ani
2025-05-26_nicusor-dan-oficial-presedintele-romaniei-ceremonia-de-inves,2025-05-26,2025Q2 campanie + investitură,5,5_românia_național_privește_statului
2025-05-26_nicusor-dan-reformele-fiscale-sunt-inevitabile-e-obligatoriu,2025-05-26,2025Q2 campanie + investitură,1,1_există_cred_spus_momentul
2025-05-26_stirile-kanal-d-exclusiv-nicusor-dan-primul-discurs-ca-prese,2025-05-26,2025Q2 campanie + investitură,5,5_românia_național_privește_statului
2025-05-27_nicusor-dan-despre-fetita-sa-mi-a-zis-ca-m-am-plictisit-la-d,2025-05-27,2025Q2 campanie + investitură,7,7_nicușor_românia_împreună_construit
2025-05-28_mesajul-lui-nicusor-dan-inainte-de-consultarile-de-la-cotroc,2025-05-28,2025Q2 campanie + investitură,-1,-1_românia_trebuie_spus_ani
2025-05-29_nicusor-dan-explica-de-ce-nu-vrea-un-premier-tehnocrat-in-vi,2025-05-29,2025Q2 campanie + investitură,1,1_există_cred_spus_momentul
2025-05-30_nicusor-dan-dupa-decizia-ccr-privind-declaratiile-de-avere-d,2025-05-30,2025Q2 campanie + investitură,-1,-1_românia_trebuie_spus_ani
2025-05-30_nicusor-dan-primele-discutii-cu-partidele-privind-formarea-g,2025-05-30,2025Q2 campanie + investitură,1,1_există_cred_spus_momentul
2025-05-30_presedintele-nicusor-dan-l-am-invitat-pe-donald-trump-in-rom,2025-05-30,2025Q2 campanie + investitură,0,0_românia_parte_trebuie_spus
2025-06-02_briefing-nicusor-dan-avem-un-stat-disfunctional-si-trebuie-s,2025-06-02,2025Q3 deficit + reforma economică,1,1_există_cred_spus_momentul
2025-06-02_conferinta-presa-nicusor-dan-concluzii-summit-si-situatia-di,2025-06-02,2025Q3 deficit + reforma economică,0,0_românia_parte_trebuie_spus
2025-06-03_nicusor-dan-anunturi-de-ultima-ora-despre-situatia-economica,2025-06-03,2025Q3 deficit + reforma economică,-1,-1_românia_trebuie_spus_ani
2025-06-03_nicusor-dan-cere-implicarea-serviciilor-secrete-pentru-a-com,2025-06-03,2025Q3 deficit + reforma economică,-1,-1_românia_trebuie_spus_ani
2025-06-03_romania-lui-vitalie-nicusor-dan-cere-implicarea-serviciilor,2025-06-03,2025Q3 deficit + reforma economică,-1,-1_românia_trebuie_spus_ani
2025-06-04_conferinta-de-presa-sustinuta-de-presedintele-romaniei-nicus_74PzSE,2025-06-04,2025Q3 deficit + reforma economică,1,1_există_cred_spus_momentul
2025-06-04_nicusor-dan-amenintarea-ruseasca-vizeaza-toata-europa-relati,2025-06-04,2025Q3 deficit + reforma economică,0,0_românia_parte_trebuie_spus
2025-06-04_nicusor-dan-despre-cheltuielile-statului-platim-o-pizza-medi,2025-06-04,2025Q3 deficit + reforma economică,1,1_există_cred_spus_momentul
2025-06-04_nicusor-dan-despre-situatia-bugetului,2025-06-04,2025Q3 deficit + reforma economică,1,1_există_cred_spus_momentul
2025-06-04_nicusor-dan-luni-vom-avea-o-prima-schita-a-programului-de-gu,2025-06-04,2025Q3 deficit + reforma economică,1,1_există_cred_spus_momentul
2025-06-04_zamfir-si-buzaianu-au-comentat-conferinta-de-presa-a-lui-nic,2025-06-04,2025Q3 deficit + reforma economică,-1,-1_românia_trebuie_spus_ani
2025-06-05_alocutiunea-presedintelui-romaniei-nicusor-dan-la-forumul-na,2025-06-05,2025Q3 deficit + reforma economică,5,5_românia_național_privește_statului
2025-06-09_nicusor-dan-taxele-pe-tranzactii-bancare-doar-scenarii-guver,2025-06-09,2025Q3 deficit + reforma economică,-1,-1_românia_trebuie_spus_ani
2025-06-10_conferinta-sustinuta-de-presedinta-moldovei-maia-sandu-si-pr,2025-06-10,2025Q3 deficit + reforma economică,0,0_românia_parte_trebuie_spus
2025-06-10_nicusor-dan-a-confirmat-continuarea-sprijinului-romaniei-pen,2025-06-10,2025Q3 deficit + reforma economică,0,0_românia_parte_trebuie_spus
2025-06-10_studio-politic-nicusor-dan-romania-sprijina-aderarea-republi,2025-06-10,2025Q3 deficit + reforma economică,0,0_românia_parte_trebuie_spus
2025-06-11_editie-speciala-nicusor-dan-prezinta-prioritatile-partidelor,2025-06-11,2025Q3 deficit + reforma economică,1,1_există_cred_spus_momentul
2025-06-11_taxele-ultima-optiune-nicusor-dan-prioritatea-taierea-unor-c,2025-06-11,2025Q3 deficit + reforma economică,-1,-1_românia_trebuie_spus_ani
2025-06-20_declaratie-de-presa-sustinuta-de-presedintele-romaniei-nicus,2025-06-20,2025Q3 deficit + reforma economică,1,1_există_cred_spus_momentul
2025-06-25_nicusor-dan-crestem-cheltuielile-de-aparare-pentru-ca-orice,2025-06-25,2025Q3 deficit + reforma economică,-1,-1_românia_trebuie_spus_ani
2025-06-26_declaratia-presedintelui-romaniei-nicusor-dan-dupa-participa,2025-06-26,2025Q3 deficit + reforma economică,-1,-1_românia_trebuie_spus_ani
2025-06-26_nicusor-dan-declaratie-de-la-summitul-nato-digi24v-stiriledi,2025-06-26,2025Q3 deficit + reforma economică,0,0_românia_parte_trebuie_spus
2025-07-14_conferinta-de-presa-sustinuta-de-presedintele-romaniei-nicus_cp-szg,2025-07-14,2025Q3 deficit + reforma economică,1,1_există_cred_spus_momentul
2025-07-14_nicusor-dan-despre-cresterea-tva-digi24-stiriledigi24,2025-07-14,2025Q3 deficit + reforma economică,1,1_există_cred_spus_momentul
2025-07-14_nicusor-dan-despre-introducerea-femicidului-in-legislatia-ro,2025-07-14,2025Q3 deficit + reforma economică,2,2_trebuie_cred_momentul_spus
2025-07-14_nicusor-dan-despre-primele-de-pensionare-de-la-ccr-si-pensii,2025-07-14,2025Q3 deficit + reforma economică,2,2_trebuie_cred_momentul_spus
2025-07-14_nicusor-dan-nu-ne-dorim-sa-avem-rusia-ca-vecin-vom-ajuta-ucr,2025-07-14,2025Q3 deficit + reforma economică,0,0_românia_parte_trebuie_spus
2025-07-15_nicusor-dan-masura-cresterii-tva-putea-sa-nu-fie-luata,2025-07-15,2025Q3 deficit + reforma economică,1,1_există_cred_spus_momentul
2025-07-16_nicusor-dan-despre-femicid-digi24-stiriledigi24,2025-07-16,2025Q3 deficit + reforma economică,2,2_trebuie_cred_momentul_spus
2025-07-16_nicusor-dan-despre-femicid-trebuie-sa-ajungem-sa-transmitem,2025-07-16,2025Q3 deficit + reforma economică,2,2_trebuie_cred_momentul_spus
2025-07-18_declaratia-presedintelui-romaniei-nicusor-dan-si-cancelarul,2025-07-18,2025Q3 deficit + reforma economică,0,0_românia_parte_trebuie_spus
2025-07-18_nicusor-dan-despre-interferentele-rusesti-in-alegerile-prezi,2025-07-18,2025Q3 deficit + reforma economică,4,4_momentul_campania_trebuie_există
2025-07-21_nicusor-dan-despre-influenta-rusiei-in-alegeri-anuntul-impor,2025-07-21,2025Q3 deficit + reforma economică,4,4_momentul_campania_trebuie_există
2025-07-30_nicusor-dan-propune-reguli-noi-privind-cererile-de-pensionar,2025-07-30,2025Q3 deficit + reforma economică,2,2_trebuie_cred_momentul_spus
2025-07-30_ora-14-presedintele-nicusor-dan-sustine-o-conferinta-de-pres,2025-07-30,2025Q3 deficit + reforma economică,2,2_trebuie_cred_momentul_spus
2025-07-31_conferinta-de-presa-sustinuta-de-presedintele-romaniei-nicus_nGAQ5B,2025-07-31,2025Q3 deficit + reforma economică,2,2_trebuie_cred_momentul_spus
2025-07-31_nicusor-dan-despre-valul-de-pensionari-din-justitie-ce-este,2025-07-31,2025Q3 deficit + reforma economică,2,2_trebuie_cred_momentul_spus
2025-08-24_nicusor-dan-mesaj-pentru-ucraina-ucraina-celebreaza-ziua-ind,2025-08-24,2025Q3 deficit + reforma economică,0,0_românia_parte_trebuie_spus
2025-08-26_discursul-presedintelui-romaniei-nicusor-dan-cu-ocazia-reuni,2025-08-26,2025Q3 deficit + reforma economică,0,0_românia_parte_trebuie_spus
2025-08-29_editie-speciala-nicusor-dan-reactioneaza-in-cazul-livratorul,2025-08-29,2025Q3 deficit + reforma economică,-1,-1_românia_trebuie_spus_ani
2025-08-31_nicusor-dan-sunteti-mai-europeni-decat-europenii-si-locul-du,2025-08-31,2025Q3 deficit + reforma economică,-1,-1_românia_trebuie_spus_ani
2025-09-01_nicusor-dan-2025-si-2026-vor-fi-ani-dificili-pentru-romani,2025-09-01,2025Q4 stabilizare + diplomație,1,1_există_cred_spus_momentul
2025-09-02_conferinta-presedintele-romaniei-nicusor-dan-si-presedinta-c,2025-09-02,2025Q4 stabilizare + diplomație,0,0_românia_parte_trebuie_spus
2025-09-03_nicusor-dan-coalitia-de-guvernare-functioneaza-si-va-merge-i,2025-09-03,2025Q4 stabilizare + diplomație,1,1_există_cred_spus_momentul
2025-09-03_nicusor-dan-energia-nucleara-reprezinta-20-din-necesarul-de,2025-09-03,2025Q4 stabilizare + diplomație,-1,-1_românia_trebuie_spus_ani
2025-09-05_nicusor-dan-despre-pensiile-specialilor-au-fost-suprasolicit,2025-09-05,2025Q4 stabilizare + diplomație,2,2_trebuie_cred_momentul_spus
2025-09-05_nicusor-dan-romania-nu-va-trimite-trupe-de-mentinere-a-pacii,2025-09-05,2025Q4 stabilizare + diplomație,0,0_românia_parte_trebuie_spus
2025-09-10_alocutiunea-presedintelui-romaniei-nicusor-dan-sustinuta-in,2025-09-10,2025Q4 stabilizare + diplomație,-1,-1_românia_trebuie_spus_ani
2025-09-10_nicusor-dan-daca-se-va-intampla-si-la-noi-vom-reactiona-la-f,2025-09-10,2025Q4 stabilizare + diplomație,0,0_românia_parte_trebuie_spus
2025-09-11_ce-spune-nicusor-dan-despre-vizita-in-sua-sper-sa-fie-o-vizi,2025-09-11,2025Q4 stabilizare + diplomație,0,0_românia_parte_trebuie_spus
2025-09-11_nicusor-dan-daca-ucraina-cedeaza-romania-ar-fi-vecina-direct,2025-09-11,2025Q4 stabilizare + diplomație,0,0_românia_parte_trebuie_spus
2025-09-11_nicusor-dan-de-zece-ani-romania-e-in-razboiul-hibrid-al-fede,2025-09-11,2025Q4 stabilizare + diplomație,4,4_momentul_campania_trebuie_există
2025-09-11_nicusor-dan-despre-cresterea-aur-in-sondaje-arata-ca-cei-40,2025-09-11,2025Q4 stabilizare + diplomație,3,3_cred_trebuie_oamenii_făcut
2025-09-12_nicusor-dan-romania-de-10-ani-sub-atacul-hibrid-al-rusiei-ab,2025-09-12,2025Q4 stabilizare + diplomație,4,4_momentul_campania_trebuie_există
2025-09-16_nicusor-dan-reactie-dupa-incidentul-din-spatiul-aerian-roman,2025-09-16,2025Q4 stabilizare + diplomație,4,4_momentul_campania_trebuie_există
2025-09-16_nicusor-dan-we-don-t-know-if-the-russian-drone-was-armed,2025-09-16,2025Q4 stabilizare + diplomație,4,4_momentul_campania_trebuie_există
2025-09-25_nicusor-dan-au-fost-80-000-de-atacuri-cibernetice-in-perioad,2025-09-25,2025Q4 stabilizare + diplomație,4,4_momentul_campania_trebuie_există
2025-09-25_nicusor-dan-georgescu-nu-a-fost-un-calaret-singuratic-in-jur,2025-09-25,2025Q4 stabilizare + diplomație,-1,-1_românia_trebuie_spus_ani
2025-09-25_nicusor-dan-nu-vad-rusia-capabila-sa-atace-nato-dar-provocar,2025-09-25,2025Q4 stabilizare + diplomație,0,0_românia_parte_trebuie_spus
2025-09-25_nicusor-dan-primul-interviu-dupa-sedinta-csat-la-digi24,2025-09-25,2025Q4 stabilizare + diplomație,-1,-1_românia_trebuie_spus_ani
2025-09-25_nicusor-dan-primul-interviu-dupa-sedinta-csat-rusia-ramane-i,2025-09-25,2025Q4 stabilizare + diplomație,0,0_românia_parte_trebuie_spus
2025-09-26_nicusor-dan-despre-influenta-sri-in-romania-stiri-b1tv-26-se,2025-09-26,2025Q4 stabilizare + diplomație,-1,-1_românia_trebuie_spus_ani
2025-09-26_nicusor-dan-sri-a-intervenit-in-viata-politica-si-economica,2025-09-26,2025Q4 stabilizare + diplomație,-1,-1_românia_trebuie_spus_ani
2025-09-30_nicusor-dan-a-anuntat-cand-va-desecretiza-sedinta-csat-si-ac,2025-09-30,2025Q4 stabilizare + diplomație,4,4_momentul_campania_trebuie_există
2025-09-30_nicusor-dan-avem-dovada-cu-peschir-banuim-ca-au-fost-20-de-m,2025-09-30,2025Q4 stabilizare + diplomație,4,4_momentul_campania_trebuie_există
2025-09-30_nicusor-dan-despre-aderarea-moldovei-la-ue-poate-fi-facuta-c,2025-09-30,2025Q4 stabilizare + diplomație,0,0_românia_parte_trebuie_spus
2025-09-30_nicusor-dan-despre-anularea-alegerilor-avem-dovada-ca-au-fos,2025-09-30,2025Q4 stabilizare + diplomație,4,4_momentul_campania_trebuie_există
2025-09-30_nicusor-dan-despre-stagiul-militar-voluntar-romania-sa-aiba,2025-09-30,2025Q4 stabilizare + diplomație,-1,-1_românia_trebuie_spus_ani
2025-10-02_nicusor-dan-amenin-area-nu-mai-este-o-chestiune-de-vecinatat,2025-10-02,2025Q4 stabilizare + diplomație,0,0_românia_parte_trebuie_spus
2025-10-02_nicusor-dan-zidul-anti-drone-ar-putea-fi-operational-in-cate,2025-10-02,2025Q4 stabilizare + diplomație,-1,-1_românia_trebuie_spus_ani
2025-10-14_studio-politic-nicusor-dan-vrea-sa-implice-sri-in-lupta-anti,2025-10-14,2025Q4 stabilizare + diplomație,2,2_trebuie_cred_momentul_spus
2025-10-21_nicusor-dan-in-principiu-imi-doresc-un-al-doilea-mandat-la-c,2025-10-21,2025Q4 stabilizare + diplomație,-1,-1_românia_trebuie_spus_ani
2025-10-23_nicusor-dan-avem-un-razboi-hibrid-de-cel-putin-10-ani,2025-10-23,2025Q4 stabilizare + diplomație,6,6_europa_energie_piață_competitivitate
2025-10-23_nicusor-dan-trebuie-sa-ne-echipam-ca-sa-descurajam-rusia-de,2025-10-23,2025Q4 stabilizare + diplomație,0,0_românia_parte_trebuie_spus
2025-10-24_nicusor-dan-a-society-is-defined-by-the-institutions-it-has,2025-10-24,2025Q4 stabilizare + diplomație,5,5_românia_național_privește_statului
2025-10-27_nicusor-dan-catedrala-nationala-simbol-de-speranta-intr-o-pe,2025-10-27,2025Q4 stabilizare + diplomație,5,5_românia_național_privește_statului
2025-11-02_nicusor-dan-reactie-despre-reducerea-numarului-de-militari-a,2025-11-02,2025Q4 stabilizare + diplomație,0,0_românia_parte_trebuie_spus
2025-11-06_rutte-nato-isi-va-juca-rolul-sau-nicusor-dan-reinarmarea-nu,2025-11-06,2025Q4 stabilizare + diplomație,0,0_românia_parte_trebuie_spus
2025-11-07_nicusor-dan-despre-intalnirea-lui-bolojan-nu-cred-ca-premier,2025-11-07,2025Q4 stabilizare + diplomație,1,1_există_cred_spus_momentul
2025-11-07_nicusor-dan-despre-salariul-minim-sa-inghete,2025-11-07,2025Q4 stabilizare + diplomație,-1,-1_românia_trebuie_spus_ani
2025-11-11_nicusor-dan-declaratia-oanei-gheorghiu-e-nefericita-reactia,2025-11-11,2025Q4 stabilizare + diplomație,-1,-1_românia_trebuie_spus_ani
2025-11-11_posibile-fragmente-de-drona-cazute-in-tulcea-nicusor-dan-a-f,2025-11-11,2025Q4 stabilizare + diplomație,2,2_trebuie_cred_momentul_spus
2025-11-11_presedintele-romaniei-nicusor-dan-despre-pensii-si-justitie,2025-11-11,2025Q4 stabilizare + diplomație,2,2_trebuie_cred_momentul_spus
2025-11-12_ce-l-a-socat-pe-nicusor-dan-dupa-ce-a-ajuns-presedinte,2025-11-12,2025Q4 stabilizare + diplomație,-1,-1_românia_trebuie_spus_ani
2025-11-12_conferinta-de-presa-sustinuta-de-presedintele-romaniei-nicus_6l2Eup,2025-11-12,2025Q4 stabilizare + diplomație,0,0_românia_parte_trebuie_spus
2025-11-12_nicusor-dan-conferinta-de-presa-presedintele-prezinta-strate,2025-11-12,2025Q4 stabilizare + diplomație,0,0_românia_parte_trebuie_spus
2025-11-12_nicusor-dan-e-mai-bine-sa-fii-vecin-cu-ucraina-decat-cu-rusi,2025-11-12,2025Q4 stabilizare + diplomație,0,0_românia_parte_trebuie_spus
2025-11-12_nicusor-dan-nu-ne-dorim-sa-fim-vecini-cu-rusia,2025-11-12,2025Q4 stabilizare + diplomație,0,0_românia_parte_trebuie_spus
2025-11-12_nicusor-dan-nu-vrem-sa-aparam-statul-vrem-sa-aparam-cetateni,2025-11-12,2025Q4 stabilizare + diplomație,0,0_românia_parte_trebuie_spus
2025-11-12_nicusor-dan-serviciile-de-informatii-vor-fi-implicate-in-lup,2025-11-12,2025Q4 stabilizare + diplomație,2,2_trebuie_cred_momentul_spus
2025-11-21_nicusor-dan-despre-aducerea-in-tara-a-mercenarului-horatiu-p,2025-11-21,2025Q4 stabilizare + diplomație,4,4_momentul_campania_trebuie_există
2025-11-21_nicusor-dan-orice-plan-de-pace-trebuie-aprobat-de-ucraina,2025-11-21,2025Q4 stabilizare + diplomație,-1,-1_românia_trebuie_spus_ani
2025-11-21_prima-reactie-a-lui-nicusor-dan-dupa-informatiile-aparute-cu,2025-11-21,2025Q4 stabilizare + diplomație,-1,-1_românia_trebuie_spus_ani
2025-11-26_nicusor-dan-declaratii-din-parlament-despre-problemele-inter,2025-11-26,2025Q4 stabilizare + diplomație,0,0_românia_parte_trebuie_spus
2025-11-26_nicusor-dan-declaratii-dupa-sustinerea-discursului-in-parlam,2025-11-26,2025Q4 stabilizare + diplomație,1,1_există_cred_spus_momentul
2025-11-26_nicusor-dan-drone-care-din-cand-in-cand-intra-pe-teritoriul,2025-11-26,2025Q4 stabilizare + diplomație,-1,-1_românia_trebuie_spus_ani
2025-11-26_nicusor-dan-vom-sustine-in-continuare-ucraina-si-republica-m,2025-11-26,2025Q4 stabilizare + diplomație,0,0_românia_parte_trebuie_spus
2025-12-01_nicusor-dan-mesaj-de-ziua-nationala-e-o-zi-de-sarbatoare-sa,2025-12-01,2025Q4-2026Q1 reformă judiciară,0,0_românia_parte_trebuie_spus
2025-12-01_nicusor-dan-suntem-membri-ai-ue-dar-de-multe-ori-vocea-roman,2025-12-01,2025Q4-2026Q1 reformă judiciară,-1,-1_românia_trebuie_spus_ani
2025-12-02_nicusor-dan-mesaj-de-1-decembrie-digi24-stiriledigi24,2025-12-02,2025Q4-2026Q1 reformă judiciară,5,5_românia_național_privește_statului
2025-12-02_nicusor-dan-mesaj-de-1-decembrie-totusi-suntem-mai-putin-cor,2025-12-02,2025Q4-2026Q1 reformă judiciară,5,5_românia_național_privește_statului
2025-12-03_nicusor-dan-despre-criza-apei-potabile-din-prahova-vinova-ia,2025-12-03,2025Q4-2026Q1 reformă judiciară,-1,-1_românia_trebuie_spus_ani
2025-12-03_nicusor-dan-despre-criza-apei-potabile-din-prahova-vinova-ia_cxJ5Wc,2025-12-03,2025Q4-2026Q1 reformă judiciară,-1,-1_românia_trebuie_spus_ani
2025-12-03_nicusor-dan-dupa-amenintarile-lui-putin-sunt-declaratii-pent,2025-12-03,2025Q4-2026Q1 reformă judiciară,0,0_românia_parte_trebuie_spus
2025-12-03_nicusor-dan-vinovatia-este-la-apele-romane,2025-12-03,2025Q4-2026Q1 reformă judiciară,-1,-1_românia_trebuie_spus_ani
2025-12-04_nicusor-dan-despre-alegerile-anulate-au-aparut-suficiente-in,2025-12-04,2025Q4-2026Q1 reformă judiciară,4,4_momentul_campania_trebuie_există
2025-12-04_nicusor-dan-despre-demisia-lui-mosteanu-intensitatea-critici,2025-12-04,2025Q4-2026Q1 reformă judiciară,-1,-1_românia_trebuie_spus_ani
2025-12-04_nicusor-dan-vinovatia-este-la-apele-romane-newsroom-din-3-de,2025-12-04,2025Q4-2026Q1 reformă judiciară,-1,-1_românia_trebuie_spus_ani
2025-12-07_presedintele-nicusor-dan-de-mult-nu-am-mai-votat-pentru-altc,2025-12-07,2025Q4-2026Q1 reformă judiciară,-1,-1_românia_trebuie_spus_ani
2025-12-09_nicusor-dan-nu-vad-vreun-motiv-pentru-care-un-ministru-trebu,2025-12-09,2025Q4-2026Q1 reformă judiciară,1,1_există_cred_spus_momentul
2025-12-10_nicusor-dan-nu-toti-votantii-aur-sunt-extremisti-stiri-b1tv,2025-12-10,2025Q4-2026Q1 reformă judiciară,-1,-1_românia_trebuie_spus_ani
2025-12-10_romania-lui-vitalie-nicusor-dan-despre-strategia-de-securita,2025-12-10,2025Q4-2026Q1 reformă judiciară,0,0_românia_parte_trebuie_spus
2025-12-11_nicusor-dan-judecatorii-sa-se-implice-in-rezolvarea-probleme,2025-12-11,2025Q4-2026Q1 reformă judiciară,2,2_trebuie_cred_momentul_spus
2025-12-15_nicusor-dan-anunturi-majore-in-scandalurile-momentului,2025-12-15,2025Q4-2026Q1 reformă judiciară,5,5_românia_național_privește_statului
2025-12-16_nicusor-dan-declara-ca-rusia-va-continua-sa-fie-o-amenintare,2025-12-16,2025Q4-2026Q1 reformă judiciară,0,0_românia_parte_trebuie_spus
2025-12-16_nicusor-dan-sunt-destul-de-pesimist-cu-privire-la-intentia-r,2025-12-16,2025Q4-2026Q1 reformă judiciară,0,0_românia_parte_trebuie_spus
2025-12-16_nicusor-dan-trebuie-sa-fim-calmi-dar-sa-investim-in-aparare,2025-12-16,2025Q4-2026Q1 reformă judiciară,0,0_românia_parte_trebuie_spus
2025-12-17_declaratia-presedintelui-romaniei-nicusor-dan-in-regatul-mar,2025-12-17,2025Q4-2026Q1 reformă judiciară,1,1_există_cred_spus_momentul
2025-12-17_nicusor-dan-despre-cresterea-impozitelor-nu-e-nici-fericire,2025-12-17,2025Q4-2026Q1 reformă judiciară,1,1_există_cred_spus_momentul
2025-12-17_nicusor-dan-sunt-probleme-la-modul-in-care-se-fac-promovaril,2025-12-17,2025Q4-2026Q1 reformă judiciară,2,2_trebuie_cred_momentul_spus
2025-12-18_nicusor-dan-avem-atacuri-cibernetice-campanie-de-dezinformar,2025-12-18,2025Q4-2026Q1 reformă judiciară,4,4_momentul_campania_trebuie_există
2025-12-18_nicusor-dan-problema-fundamentala-este-de-ce-nu-reusim-in-15,2025-12-18,2025Q4-2026Q1 reformă judiciară,2,2_trebuie_cred_momentul_spus
2025-12-18_nicusor-dan-problema-fundamentala-este-de-ce-nu-reusim-in-15_wynkjt,2025-12-18,2025Q4-2026Q1 reformă judiciară,-1,-1_românia_trebuie_spus_ani
2025-12-18_nicusor-dan-sustinem-oricare-dintre-variantele-de-ajutor-fin,2025-12-18,2025Q4-2026Q1 reformă judiciară,-1,-1_românia_trebuie_spus_ani
2025-12-19_nicusor-dan-anunt-inainte-de-intalnirea-cu-magistratii,2025-12-19,2025Q4-2026Q1 reformă judiciară,2,2_trebuie_cred_momentul_spus
2025-12-21_declaratia-presedintelui-romaniei-nicusor-dan-pe-tema-proble,2025-12-21,2025Q4-2026Q1 reformă judiciară,2,2_trebuie_cred_momentul_spus
2025-12-21_nicusor-dan-exista-magistrati-care-actioneaza-in-interesul-u_i-HYCW,2025-12-21,2025Q4-2026Q1 reformă judiciară,2,2_trebuie_cred_momentul_spus
2025-12-21_nicusor-dan-magistratii-intimidati-inainte-de-discutiile-de,2025-12-21,2025Q4-2026Q1 reformă judiciară,2,2_trebuie_cred_momentul_spus
2025-12-21_nicusor-dan-magistratii-intimidati-inainte-de-discutiile-de__MoX2e,2025-12-21,2025Q4-2026Q1 reformă judiciară,2,2_trebuie_cred_momentul_spus
2025-12-21_nicusor-dan-voi-face-un-referendum-daca-csm-nu-actioneaza-in,2025-12-21,2025Q4-2026Q1 reformă judiciară,2,2_trebuie_cred_momentul_spus
2025-12-21_nicusor-dan-voi-initia-in-ianuarie-un-referendum-in-cadrul-c,2025-12-21,2025Q4-2026Q1 reformă judiciară,2,2_trebuie_cred_momentul_spus
2025-12-22_discutii-publice-la-cotroceni-intre-presedintele-romaniei-ni_7lGgIp,2025-12-22,2025Q4-2026Q1 reformă judiciară,2,2_trebuie_cred_momentul_spus
2025-12-22_nicusor-dan-anunta-un-referendum-printre-magistrati-digi24,2025-12-22,2025Q4-2026Q1 reformă judiciară,2,2_trebuie_cred_momentul_spus
2025-12-22_nicusor-dan-multe-dintre-cele-semnalate-necesita-verificari,2025-12-22,2025Q4-2026Q1 reformă judiciară,2,2_trebuie_cred_momentul_spus
2026-01-01_nicusor-dan-mesaj-de-condoleante-dupa-incediul-din-elvetia,2026-01-01,2025Q4-2026Q1 reformă judiciară,7,7_nicușor_românia_împreună_construit
2026-01-06_declaratia-presedintelui-romaniei-nicusor-dan-dupa-participa_iZQQF2,2026-01-06,2025Q4-2026Q1 reformă judiciară,0,0_românia_parte_trebuie_spus
2026-01-06_nicusor-dan-declaratii-la-bordul-avionului-spartan-cu-care-a,2026-01-06,2025Q4-2026Q1 reformă judiciară,2,2_trebuie_cred_momentul_spus
2026-01-06_nicusor-dan-suntem-intr-un-context-international-dificil,2026-01-06,2025Q4-2026Q1 reformă judiciară,-1,-1_românia_trebuie_spus_ani
2026-01-07_garantii-de-securitate-pentru-ucraina-si-mize-interne-nicuso,2026-01-07,2025Q4-2026Q1 reformă judiciară,0,0_românia_parte_trebuie_spus
2026-01-07_nicusor-dan-e-nevoie-de-un-avion-prezidential,2026-01-07,2025Q4-2026Q1 reformă judiciară,1,1_există_cred_spus_momentul
2026-01-07_nicusor-dan-mi-ar-fi-placut-mai-degraba-ca-taxele-sa-scada,2026-01-07,2025Q4-2026Q1 reformă judiciară,1,1_există_cred_spus_momentul
2026-01-15_nicusor-dan-despre-taierile-pentru-romani-dureroase-dar-obli,2026-01-15,2025Q4-2026Q1 reformă judiciară,1,1_există_cred_spus_momentul
2026-01-15_nicusor-dan-ne-asteapta-o-perioada-complicata-si-dificil-de,2026-01-15,2025Q4-2026Q1 reformă judiciară,5,5_românia_național_privește_statului
2026-01-15_nicusor-dan-romania-sustine-pacea-in-ucraina-si-integrarea-r,2026-01-15,2025Q4-2026Q1 reformă judiciară,5,5_românia_național_privește_statului
2026-01-20_nicusor-dan-anunta-azi-daca-merge-la-davos-pentru-consiliul,2026-01-20,2025Q4-2026Q1 reformă judiciară,-1,-1_românia_trebuie_spus_ani
2026-01-22_nicusor-dan-despre-pozitia-romaniei-cu-privire-la-groenlanda,2026-01-22,2025Q4-2026Q1 reformă judiciară,0,0_românia_parte_trebuie_spus
2026-01-23_nicusor-dan-explica-ce-inseamna-ca-nu-a-mers-teleleu-la-davo,2026-01-23,2025Q4-2026Q1 reformă judiciară,-1,-1_românia_trebuie_spus_ani
2026-01-24_discursul-lui-nicusor-dan-de-la-iasi-bruiat-de-simpatizantii,2026-01-24,2025Q4-2026Q1 reformă judiciară,5,5_românia_național_privește_statului
2026-01-24_huiduieli-si-aplauze-la-focsani-nicusor-dan-este-un-drept-pe,2026-01-24,2025Q4-2026Q1 reformă judiciară,-1,-1_românia_trebuie_spus_ani
2026-01-24_iasi-nicusor-dan-prezent-la-ceremonia-de-ziua-unirii-princip,2026-01-24,2025Q4-2026Q1 reformă judiciară,-1,-1_românia_trebuie_spus_ani
2026-01-24_nicusor-dan-e-democratie-e-libertate-sa-spuna-fiecare-ce-vre,2026-01-24,2025Q4-2026Q1 reformă judiciară,-1,-1_românia_trebuie_spus_ani
2026-01-24_nicusor-dan-la-multi-ani-dragi-focsaneni-care-huiduiti-autor,2026-01-24,2025Q4-2026Q1 reformă judiciară,-1,-1_românia_trebuie_spus_ani
2026-01-24_nicusor-dan-mae-analizeaza-participarea-romaniei-la-consiliu,2026-01-24,2025Q4-2026Q1 reformă judiciară,-1,-1_românia_trebuie_spus_ani
2026-01-24_nicusor-dan-nu-facem-comedii-din-relatia-intre-guvern-si-par,2026-01-24,2025Q4-2026Q1 reformă judiciară,1,1_există_cred_spus_momentul
2026-01-24_ziua-unirii-principatelor-umbrita-de-proteste-discursul-lui,2026-01-24,2025Q4-2026Q1 reformă judiciară,-1,-1_românia_trebuie_spus_ani
2026-01-30_nicusor-dan-despre-numirile-la-sri-si-sie-digi24-stiriledigi,2026-01-30,2025Q4-2026Q1 reformă judiciară,2,2_trebuie_cred_momentul_spus
2026-01-30_nicusor-dan-despre-tensiunile-din-coalitie-nu-exista-alterna,2026-01-30,2025Q4-2026Q1 reformă judiciară,1,1_există_cred_spus_momentul
2026-01-30_nicusor-dan-despre-tensiunile-din-coalitie-nu-exista-alterna_9sksTM,2026-01-30,2025Q4-2026Q1 reformă judiciară,1,1_există_cred_spus_momentul
2026-01-30_nicusor-dan-despre-vizita-in-sua-digi24-stiriledigi24,2026-01-30,2025Q4-2026Q1 reformă judiciară,0,0_românia_parte_trebuie_spus
2026-01-30_nicusor-dan-nu-exista-risc-de-crestere-de-taxe-in-viitorul-a,2026-01-30,2025Q4-2026Q1 reformă judiciară,1,1_există_cred_spus_momentul
2026-01-30_nicusor-dan-un-guvern-minoritar-putin-probabil-bolojan-a-rap,2026-01-30,2025Q4-2026Q1 reformă judiciară,1,1_există_cred_spus_momentul
2026-02-09_participa-sau-nu-romania-la-consiliul-pentru-pace-al-lui-tru,2026-02-09,2025Q4-2026Q1 reformă judiciară,-1,-1_românia_trebuie_spus_ani
2026-02-12_ce-spune-nicusor-dan-despre-participarea-romaniei-la-prima-e,2026-02-12,2025Q4-2026Q1 reformă judiciară,0,0_românia_parte_trebuie_spus
2026-02-12_declaratii-de-presa-sustinute-de-presedintele-romaniei-nicus,2026-02-12,2025Q4-2026Q1 reformă judiciară,6,6_europa_energie_piață_competitivitate
2026-02-12_nicusor-dan-anunt-de-la-consiliul-european-il-refuza-din-nou,2026-02-12,2025Q4-2026Q1 reformă judiciară,6,6_europa_energie_piață_competitivitate
2026-02-12_nicusor-dan-despre-candidatii-la-sefia-parchetelor-sunt-pers,2026-02-12,2025Q4-2026Q1 reformă judiciară,2,2_trebuie_cred_momentul_spus
2026-02-12_nicusor-dan-dupa-summitul-din-belgia-comisia-europeana-va-pr,2026-02-12,2025Q4-2026Q1 reformă judiciară,6,6_europa_energie_piață_competitivitate
2026-02-12_nicusor-dan-este-evidenta-tergiversarea-ccr-imi-doresc-o-asu,2026-02-12,2025Q4-2026Q1 reformă judiciară,2,2_trebuie_cred_momentul_spus
2026-02-12_nicusor-dan-pretul-energiei-este-o-chestiune-foarte-importan,2026-02-12,2025Q4-2026Q1 reformă judiciară,6,6_europa_energie_piață_competitivitate
2026-02-12_nicusor-dan-romania-poate-fi-cel-mult-observator-in-consiliu,2026-02-12,2025Q4-2026Q1 reformă judiciară,0,0_românia_parte_trebuie_spus
2026-02-13_declaratiile-presedintelui-romaniei-nicusor-dan-dupa-reuniun,2026-02-13,2025Q4-2026Q1 reformă judiciară,6,6_europa_energie_piață_competitivitate
2026-02-13_nicusor-dan-despre-propunerile-privind-scaderea-pretului-ene,2026-02-13,2025Q4-2026Q1 reformă judiciară,6,6_europa_energie_piață_competitivitate
2026-02-13_nicusor-dan-in-ciuda-atacurilor-coalitia-functioneaza-mai-bi,2026-02-13,2025Q4-2026Q1 reformă judiciară,1,1_există_cred_spus_momentul
2026-02-17_nicusor-dan-prezenta-la-consiliul-de-pace-necesara-dupa-anul,2026-02-17,2025Q4-2026Q1 reformă judiciară,0,0_românia_parte_trebuie_spus
2026-02-19_declaratii-de-presa-sustinute-de-presedintele-romaniei-nicus,2026-02-19,2025Q4-2026Q1 reformă judiciară,0,0_românia_parte_trebuie_spus
2026-02-19_interviu-exclusiv-cu-nicusor-dan-dupa-intalnirea-cu-trump,2026-02-19,2025Q4-2026Q1 reformă judiciară,0,0_românia_parte_trebuie_spus
2026-02-19_nicusor-dan-discurs-la-consiliul-pentru-pace-in-sua-avem-bur,2026-02-19,2025Q4-2026Q1 reformă judiciară,-1,-1_românia_trebuie_spus_ani
2026-02-19_prima-reactie-a-lui-nicusor-dan-dupa-ce-donald-trump-l-a-num,2026-02-19,2025Q4-2026Q1 reformă judiciară,2,2_trebuie_cred_momentul_spus
2026-02-20_nicusor-dan-nu-alegem-intre-sua-si-ue-romania-trebuie-sa-fie,2026-02-20,2025Q4-2026Q1 reformă judiciară,0,0_românia_parte_trebuie_spus
2026-02-20_presedintele-nicusor-dan-problema-legitimitatii-administrati,2026-02-20,2025Q4-2026Q1 reformă judiciară,0,0_românia_parte_trebuie_spus
2026-02-24_nicusor-dan-explica-de-ce-nu-a-promulgat-legea-pensiilor-spe,2026-02-24,2025Q4-2026Q1 reformă judiciară,2,2_trebuie_cred_momentul_spus
2026-03-05_acum-nicusor-dan-anunta-daca-romania-va-gazdui-arme-nucleare,2026-03-05,2026Q2 cotitură UE + criză guvern,0,0_românia_parte_trebuie_spus
2026-03-05_nicusor-dan-conferinta-de-presa-in-polonia-stiri-b1tv-5-mar,2026-03-05,2026Q2 cotitură UE + criză guvern,0,0_românia_parte_trebuie_spus
2026-03-05_nicusor-dan-despre-propunerile-pentru-sefia-parchetelor-stir,2026-03-05,2026Q2 cotitură UE + criză guvern,2,2_trebuie_cred_momentul_spus
2026-03-05_nicusor-dan-despre-scumpirile-la-pompa-nu-putem-umbla-la-acc,2026-03-05,2026Q2 cotitură UE + criză guvern,-1,-1_românia_trebuie_spus_ani
2026-03-05_nicusor-dan-despre-situatia-din-orient-nu-o-sa-plangem-iranu,2026-03-05,2026Q2 cotitură UE + criză guvern,0,0_românia_parte_trebuie_spus
2026-03-05_nicusor-dan-despre-umbrela-nucleara-propusa-de-franta-stiri,2026-03-05,2026Q2 cotitură UE + criză guvern,0,0_românia_parte_trebuie_spus
2026-03-05_nicusor-dan-dezbaterea-pe-buget-este-o-dezbatere-legitima,2026-03-05,2026Q2 cotitură UE + criză guvern,1,1_există_cred_spus_momentul
2026-03-05_nicusor-dan-nu-o-sa-plangem-republica-islamica-iran,2026-03-05,2026Q2 cotitură UE + criză guvern,0,0_românia_parte_trebuie_spus
2026-03-05_nicusor-dan-polonia-participa-la-brigada-multinationala-care,2026-03-05,2026Q2 cotitură UE + criză guvern,0,0_românia_parte_trebuie_spus
2026-03-05_nicusor-dan-polonia-si-romania-impreuna-au-multe-oportunitat,2026-03-05,2026Q2 cotitură UE + criză guvern,0,0_românia_parte_trebuie_spus
2026-03-05_nicusor-dan-romania-este-acoperita-de-o-umbrela-nucleara,2026-03-05,2026Q2 cotitură UE + criză guvern,0,0_românia_parte_trebuie_spus
2026-03-05_pretul-carburantilor-nicusor-dan-exclude-modificarea-taxelor,2026-03-05,2026Q2 cotitură UE + criză guvern,6,6_europa_energie_piață_competitivitate
2026-03-06_declaratii-de-presa-sustinute-de-presedintele-romaniei-nicus_Ry-ZYl,2026-03-06,2026Q2 cotitură UE + criză guvern,0,0_românia_parte_trebuie_spus
2026-03-06_nicusor-dan-romania-nu-va-gazdui-focoase-nucleare-in-viitoru,2026-03-06,2026Q2 cotitură UE + criză guvern,0,0_românia_parte_trebuie_spus
2026-03-07_nicusor-dan-imi-voi-asuma-in-justitie-vin-din-societatea-civ,2026-03-07,2026Q2 cotitură UE + criză guvern,2,2_trebuie_cred_momentul_spus
2026-03-11_ce-trimite-sua-in-tara-noastra-declaratiile-lui-nicusor-dan,2026-03-11,2026Q2 cotitură UE + criză guvern,0,0_românia_parte_trebuie_spus
2026-03-11_declaratie-sustinuta-de-presedintele-romaniei-nicusor-dan-du,2026-03-11,2026Q2 cotitură UE + criză guvern,-1,-1_românia_trebuie_spus_ani
2026-03-12_nicusor-dan-we-will-produce-drones-in-romania-together-with,2026-03-12,2026Q2 cotitură UE + criză guvern,0,0_românia_parte_trebuie_spus
2026-03-13_conferinta-sustinuta-de-presedintii-romaniei-si-ucrainei-nic,2026-03-13,2026Q2 cotitură UE + criză guvern,0,0_românia_parte_trebuie_spus
2026-03-19_conferinta-presedintelui-romaniei-nicusor-dan-si-a-secretaru,2026-03-19,2026Q2 cotitură UE + criză guvern,-1,-1_românia_trebuie_spus_ani
2026-03-19_nicusor-dan-romania-has-taken-a-clear-position-on-the-transa,2026-03-19,2026Q2 cotitură UE + criză guvern,0,0_românia_parte_trebuie_spus
2026-03-19_nicusor-dan-romania-has-taken-a-clear-position-on-the-transa_BurJvC,2026-03-19,2026Q2 cotitură UE + criză guvern,0,0_românia_parte_trebuie_spus
2026-03-26_ce-a-spus-nicusor-dan-despre-o-eventuala-rationalizare-a-car,2026-03-26,2026Q2 cotitură UE + criză guvern,-1,-1_românia_trebuie_spus_ani
2026-03-26_nicusor-dan-a-anuntat-ca-va-promulga-legea-bugetului-asa-cum,2026-03-26,2026Q2 cotitură UE + criză guvern,-1,-1_românia_trebuie_spus_ani
2026-03-27_nicusor-dan-if-the-measures-are-not-sufficient-the-governmen,2026-03-27,2026Q2 cotitură UE + criză guvern,1,1_există_cred_spus_momentul
2026-03-30_nicusor-dan-despre-iesirea-psd-de-la-guvernare-un-guvern-min,2026-03-30,2026Q2 cotitură UE + criză guvern,1,1_există_cred_spus_momentul
2026-03-30_o-posibila-iesire-a-psd-de-la-guvernare-nicusor-dan-nu-cred,2026-03-30,2026Q2 cotitură UE + criză guvern,1,1_există_cred_spus_momentul
2026-03-31_carburantii-s-ar-putea-ieftini-nicusor-dan-cred-ca-va-fi-o-s,2026-03-31,2026Q2 cotitură UE + criză guvern,1,1_există_cred_spus_momentul
2026-03-31_carburantii-s-ar-putea-ieftini-nicusor-dan-cred-ca-va-fi-o-s_eIg4Ys,2026-03-31,2026Q2 cotitură UE + criză guvern,1,1_există_cred_spus_momentul
2026-04-01_presedintele-nicusor-dan-trecerea-romaniei-la-euro-esentiala,2026-04-01,2026Q2 cotitură UE + criză guvern,1,1_există_cred_spus_momentul
2026-04-07_declaratiile-presedintelui-nicusor-dan-dupa-vizita-la-centru,2026-04-07,2026Q2 cotitură UE + criză guvern,-1,-1_românia_trebuie_spus_ani
2026-04-07_nicusor-dan-despre-demisia-lui-bolojan-in-ce-calitate-sa-i-o,2026-04-07,2026Q2 cotitură UE + criză guvern,1,1_există_cred_spus_momentul
2026-04-07_nicusor-dan-intrebat-daca-ii-va-cere-demisia-lui-bolojan-eu,2026-04-07,2026Q2 cotitură UE + criză guvern,-1,-1_românia_trebuie_spus_ani
2026-04-07_nicusor-dan-nu-sunt-riscuri-acum-dar-avem-un-plan-de-criza-p,2026-04-07,2026Q2 cotitură UE + criză guvern,6,6_europa_energie_piață_competitivitate
2026-04-08_nicusor-dan-anunta-numiri-in-fruntea-parchetelor-astept-o-di,2026-04-08,2026Q2 cotitură UE + criză guvern,2,2_trebuie_cred_momentul_spus
2026-04-08_nicusor-dan-i-was-happy-that-the-head-of-the-iasi-dna-is-run,2026-04-08,2026Q2 cotitură UE + criză guvern,2,2_trebuie_cred_momentul_spus
2026-04-08_nicusor-dan-if-i-make-a-mistake-romanians-will-penalize-me,2026-04-08,2026Q2 cotitură UE + criză guvern,2,2_trebuie_cred_momentul_spus
2026-04-08_nicusor-dan-respinge-acuzatiile-nu-sunt-propunerile-psd,2026-04-08,2026Q2 cotitură UE + criză guvern,2,2_trebuie_cred_momentul_spus
2026-04-09_conferinta-de-presa-sustinuta-de-presedintele-romaniei-nicus_yJJ1E7,2026-04-09,2026Q2 cotitură UE + criză guvern,2,2_trebuie_cred_momentul_spus
2026-04-17_nicusor-dan-calin-georgescu-a-fost-sustinut-de-o-infrastruct,2026-04-17,2026Q2 cotitură UE + criză guvern,4,4_momentul_campania_trebuie_există
2026-04-20_nicusor-dan-lack-of-financial-education-led-to-unhealthy-dec,2026-04-20,2026Q2 cotitură UE + criză guvern,5,5_românia_național_privește_statului
2026-04-20_nicusor-dan-traim-un-razboi-informational-ce-a-anuntat-prese,2026-04-20,2026Q2 cotitură UE + criză guvern,-1,-1_românia_trebuie_spus_ani
2026-04-20_we-will-enter-political-turbulence-nicusor-dan-i-do-not-supp,2026-04-20,2026Q2 cotitură UE + criză guvern,1,1_există_cred_spus_momentul
2026-04-22_declaratie-de-presa-sustinuta-de-presedintele-romaniei-nicus,2026-04-22,2026Q2 cotitură UE + criză guvern,1,1_există_cred_spus_momentul
2026-04-22_kelemen-hunor-at-the-end-of-discussions-with-nicusor-dan-we,2026-04-22,2026Q2 cotitură UE + criză guvern,1,1_există_cred_spus_momentul
2026-04-23_nicusor-dan-despre-situatia-demisiilor-ministrilor-psd-aprec,2026-04-23,2026Q2 cotitură UE + criză guvern,6,6_europa_energie_piață_competitivitate
2026-04-24_nicusor-dan-reacts-to-george-simion-s-new-discriminatory-sta,2026-04-24,2026Q2 cotitură UE + criză guvern,6,6_europa_energie_piață_competitivitate
2026-04-24_nicusor-dan-simion-s-statement-to-me-is-below-any-level-of-d,2026-04-24,2026Q2 cotitură UE + criză guvern,-1,-1_românia_trebuie_spus_ani
2026-04-25_nicusor-dan-a-semnat-demisiile-ministrilor-psd-anuntul-facut,2026-04-25,2026Q2 cotitură UE + criză guvern,1,1_există_cred_spus_momentul
2026-04-29_nicusor-dan-i-wish-romania-would-be-governed-by-pro-western,2026-04-29,2026Q2 cotitură UE + criză guvern,1,1_există_cred_spus_momentul
2026-05-04_nicusor-dan-europa-isi-consolideaza-apararea-pe-fondul-reori,2026-05-04,2026Q2 cotitură UE + criză guvern,0,0_românia_parte_trebuie_spus
2026-05-04_nicusor-dan-regardless-of-what-happens-romania-will-continue,2026-05-04,2026Q2 cotitură UE + criză guvern,0,0_românia_parte_trebuie_spus
2026-05-04_nicusor-dan-the-state-will-function-regardless-of-the-outcom,2026-05-04,2026Q2 cotitură UE + criză guvern,2,2_trebuie_cred_momentul_spus
2026-05-05_declaratii-de-presa-sustinute-de-presedintele-romaniei-nicus,2026-05-05,2026Q2 cotitură UE + criză guvern,1,1_există_cred_spus_momentul
2026-05-05_nicusor-dan-vom-avea-un-nou-guvern-pro-occidental-in-termen,2026-05-05,2026Q2 cotitură UE + criză guvern,1,1_există_cred_spus_momentul
2026-05-06_usr-attack-on-nicusor-dan-he-was-totally-disinterested-in-th,2026-05-06,2026Q2 cotitură UE + criză guvern,1,1_există_cred_spus_momentul
2026-05-09_mesajul-presedintelui-romaniei-nicusor-dan-cu-prilejul-zilei,2026-05-09,2026Q2 cotitură UE + criză guvern,-1,-1_românia_trebuie_spus_ani
2026-05-09_nicusor-dan-we-will-continue-discussions-for-a-pro-western-g,2026-05-09,2026Q2 cotitură UE + criză guvern,1,1_există_cred_spus_momentul
2026-05-12_nicusor-dan-daca-ne-referim-la-europa-asa-ca-la-o-icoana-nu,2026-05-12,2026Q2 cotitură UE + criză guvern,6,6_europa_energie_piață_competitivitate
2026-05-12_nicusor-dan-i-will-convene-the-parties-for-formal-consultati,2026-05-12,2026Q2 cotitură UE + criză guvern,1,1_există_cred_spus_momentul
2026-05-12_nicusor-dan-suntem-intr-o-perioada-cu-provocari-statele-care,2026-05-12,2026Q2 cotitură UE + criză guvern,0,0_românia_parte_trebuie_spus
2026-05-13_nicusor-dan-am-discutat-cu-secretarul-general-al-nato-despre,2026-05-13,2026Q2 cotitură UE + criză guvern,0,0_românia_parte_trebuie_spus
2026-05-13_nicusor-dan-moldova-e-un-stat-pe-flancul-estic-amenintat-int,2026-05-13,2026Q2 cotitură UE + criză guvern,0,0_românia_parte_trebuie_spus
2026-05-13_summit-b9-la-bucuresti-nicusor-dan-trebuie-sa-sporim-cheltui,2026-05-13,2026Q2 cotitură UE + criză guvern,0,0_românia_parte_trebuie_spus
2026-05-13_summit-b9-la-bucuresti-nicusor-dan-trebuie-sa-sporim-cheltui_VSRZ5y,2026-05-13,2026Q2 cotitură UE + criză guvern,0,0_românia_parte_trebuie_spus
2026-05-15_nicusor-dan-i-would-not-like-to-appoint-a-government-that-wo,2026-05-15,2026Q2 cotitură UE + criză guvern,1,1_există_cred_spus_momentul
2026-05-15_nicusor-dan-majoritatea-parlamentara-va-fi-cheia-consultaril,2026-05-15,2026Q2 cotitură UE + criză guvern,1,1_există_cred_spus_momentul
