doc_id,date,tip,canonical,label,count,max_score
2025-02-21_discutiile-internationale-despre-reconfigurarea-securitatii,2025-02-21,facebook-post,ROMÂNIA,țară,3,0.991
2025-02-21_discutiile-internationale-despre-reconfigurarea-securitatii,2025-02-21,facebook-post,RUSIA,țară,1,0.814
2025-02-21_vrei-sa-fii-parte-din-schimbare-alatura-te-echipei-de-volunt,2025-02-21,facebook-post,ROMÂNIA,țară,1,0.755
2025-02-23_am-discutat-in-acest-week-end-cu-oameni-din-ploiesti-brasov,2025-02-23,facebook-post,ROMÂNIA,țară,5,0.983
2025-02-23_felicit-blocul-de-centru-dreapta-pro-european-cdu-csu-pentru,2025-02-23,facebook-post,GERMANIA,țară,3,0.991
2025-02-23_felicit-blocul-de-centru-dreapta-pro-european-cdu-csu-pentru,2025-02-23,facebook-post,UE,țară,1,0.555
2025-02-23_felicit-blocul-de-centru-dreapta-pro-european-cdu-csu-pentru,2025-02-23,facebook-post,ROMÂNIA,țară,1,0.807
2025-02-25_cifrele-vorbesc-clar-suntem-pe-drumul-cel-bun-si-romania-one,2025-02-25,facebook-post,ROMÂNIA,țară,2,0.983
2025-02-27_toata-viata-mea-am-luptat-pentru-dreptate-pentru-protectia-c,2025-02-27,facebook-post,ROMÂNIA,țară,2,0.905
2025-02-28_este-profund-ingrijorator-ca-romania-a-fost-retrogradata-in,2025-02-28,facebook-post,ROMÂNIA,țară,3,0.993
2025-02-28_sust-in-ferm-ucraina-i-n-lupta-sa-pentru-o-pace-justa-s-i-su,2025-02-28,facebook-post,UCRAINA,țară,1,0.893
2025-02-28_sust-in-ferm-ucraina-i-n-lupta-sa-pentru-o-pace-justa-s-i-su,2025-02-28,facebook-post,ROMÂNIA,țară,1,0.949
2025-03-03_cand-vom-alege-pentru-urmatorii-5-ani-sa-nu-uitam-de-tinerii,2025-03-03,facebook-post,ROMÂNIA,țară,1,0.959
2025-03-04_azi-serviciul-de-informatii-externe-al-rusiei-a-dat-un-comun,2025-03-04,facebook-post,RUSIA,țară,2,0.933
2025-03-04_azi-serviciul-de-informatii-externe-al-rusiei-a-dat-un-comun,2025-03-04,facebook-post,GEORGESCU,persoană politică,1,0.895
2025-03-04_azi-serviciul-de-informatii-externe-al-rusiei-a-dat-un-comun,2025-03-04,facebook-post,ROMÂNIA,țară,1,0.907
2025-03-05_astazi-am-avut-o-intalnire-extrem-de-interesanta-cu-reprezen,2025-03-05,facebook-post,ROMÂNIA,țară,1,0.946
2025-03-05_interventia-presedintelui-trump-de-azi-noapte-din-congres-es,2025-03-05,facebook-post,UCRAINA,țară,1,0.867
2025-03-05_interventia-presedintelui-trump-de-azi-noapte-din-congres-es,2025-03-05,facebook-post,RUSIA,țară,1,0.882
2025-03-05_interventia-presedintelui-trump-de-azi-noapte-din-congres-es,2025-03-05,facebook-post,ROMÂNIA,țară,2,0.966
2025-03-05_interventia-presedintelui-trump-de-azi-noapte-din-congres-es,2025-03-05,facebook-post,SUA,țară,2,0.966
2025-03-05_organizam-cursuri-de-initiere-in-lumea-digitala-pentru-senio,2025-03-05,facebook-post,ROMÂNIA,țară,1,0.936
2025-03-06_o-afacere-de-familie-infiintata-in-1995-in-bacau-a-crescut-s,2025-03-06,facebook-post,ROMÂNIA,țară,1,0.96
2025-03-07_acum-trei-luni-romanii-au-spus-clar-nu-se-mai-poate-au-cerut,2025-03-07,facebook-post,ROMÂNIA,țară,1,0.971
2025-03-07_candidez-pentru-toti-romanii-onesti-din-tara-si-din-diaspora,2025-03-07,facebook-post,ROMÂNIA,țară,3,0.981
2025-03-07_vrei-sa-fii-parte-din-schimbare-alatura-te-echipei-de-volunt,2025-03-07,facebook-post,ROMÂNIA,țară,1,0.779
2025-03-08_am-avut-ieri-placerea-de-a-oferi-flori-doamnelor-care-lucrea,2025-03-08,facebook-post,ROMÂNIA,țară,1,0.928
2025-03-08_ce-ne-am-face-fara-femeile-din-viata-noastra-azi-sa-le-sarba,2025-03-08,facebook-post,ROMÂNIA,țară,1,0.934
2025-03-09_fiecare-conversatie-cu-tinerii-este-o-lectie-despre-dorinta,2025-03-09,facebook-post,ROMÂNIA,țară,1,0.957
2025-03-11_partidele-politice-corupte-care-au-promovat-incompetenti-in,2025-03-11,facebook-post,STATUL ROMÂN,țară,1,0.668
2025-03-14_te-astept-sambata-15-martie-in-orasele-tulcea-si-constanta-s,2025-03-14,facebook-post,ROMÂNIA,țară,1,0.809
2025-03-14_tinerii-au-nevoie-de-motive-sa-ramana-in-romania-si-sa-conti,2025-03-14,facebook-post,ROMÂNIA,țară,2,0.959
2025-03-15_anul-acesta-se-implinesc-35-de-ani-de-la-citirea-proclamatie,2025-03-15,facebook-post,ROMÂNIA,țară,2,0.936
2025-03-15_felicit-comunitatea-maghiara-din-romania-cu-ocazia-zilei-mag,2025-03-15,facebook-post,ROMÂNIA,țară,1,0.959
2025-03-15_la-constanta-am-simtit-ca-oamenii-vor-cu-adevarat-o-schimbar,2025-03-15,facebook-post,ROMÂNIA,țară,1,0.886
2025-03-15_romania-trebuie-sa-se-dezvolte-mult-mai-echilibrat-si-sa-imp,2025-03-15,facebook-post,ROMÂNIA,țară,4,0.977
2025-03-16_in-zgomotul-electoral-a-fost-tratata-prea-discret-stirea-ca,2025-03-16,facebook-post,ROMÂNIA,țară,3,0.949
2025-03-16_in-zgomotul-electoral-a-fost-tratata-prea-discret-stirea-ca,2025-03-16,facebook-post,GUVERN,instituție națională,2,0.482
2025-03-17_unii-ma-considera-incapatanat-altii-ma-vad-perseverent-acest,2025-03-17,facebook-post,ROMÂNIA,țară,1,0.939
2025-03-18_am-acordat-un-interviu-pentru-cotidianul-le-monde-in-care-am,2025-03-18,facebook-post,ROMÂNIA,țară,2,0.986
2025-03-18_transparenta-cheltuirii-banilor-cetatenilor-trebuie-sa-devin,2025-03-18,facebook-post,ROMÂNIA,țară,2,0.964
2025-03-20_am-o-mare-admiratie-pentru-romanii-care-au-plecat-din-tara-a,2025-03-20,facebook-post,ROMÂNIA,țară,2,0.962
2025-03-20_am-o-mare-admiratie-pentru-romanii-care-au-plecat-din-tara-a,2025-03-20,facebook-post,FRANȚA,țară,1,0.778
2025-03-20_daca-voi-fi-ales-presedinte-voi-pune-in-practica-toata-exper,2025-03-20,facebook-post,ROMÂNIA,țară,1,0.974
2025-03-21_am-atribuit-contractul-pentru-realizarea-unui-nou-plan-integ,2025-03-21,facebook-post,UNGARIA,țară,1,0.799
2025-03-21_combaterea-ferma-a-evaziunii-fiscale-si-recuperarea-justa-a,2025-03-21,facebook-post,ROMÂNIA,țară,1,0.944
2025-03-23_romania-se-confrunta-cu-o-criza-de-datorie-si-cheltuieli-far,2025-03-23,facebook-post,ROMÂNIA,țară,3,0.965
2025-03-23_suntem-multi-si-energici-impreuna-suntem-romania-onesta-volu,2025-03-23,facebook-post,ROMÂNIA,țară,1,0.69
2025-03-24_tramvaiele-imperio-de-la-astra-arad-sunt-exemplul-perfect-ca,2025-03-24,facebook-post,ROMÂNIA,țară,2,0.981
2025-03-26_am-gestionat-o-situatie-financiara-complicata-la-primaria-ca,2025-03-26,facebook-post,ROMÂNIA,țară,1,0.939
2025-03-26_romania-e-pe-minus-e-nevoie-urgenta-de-reforme-pentru-a-echi,2025-03-26,facebook-post,ROMÂNIA,țară,1,0.973
2025-03-27_astazi-27-martie-marcam-107-ani-de-la-un-moment-esential-in,2025-03-27,facebook-post,ROMÂNIA,țară,2,0.793
2025-03-27_astazi-27-martie-marcam-107-ani-de-la-un-moment-esential-in,2025-03-27,facebook-post,R. MOLDOVA,țară,3,0.931
2025-03-27_astazi-27-martie-marcam-107-ani-de-la-un-moment-esential-in,2025-03-27,facebook-post,UE,instituție internațională,1,0.587
2025-03-28_am-acordat-un-interviu-publicatiei-politico-si-am-raspuns-in,2025-03-28,facebook-post,UCRAINA,țară,1,0.881
2025-03-28_am-acordat-un-interviu-publicatiei-politico-si-am-raspuns-in,2025-03-28,facebook-post,ROMÂNIA,țară,1,0.829
2025-03-28_functiile-publice-nu-sunt-mosteniri-de-familie-romania-are-n,2025-03-28,facebook-post,ROMÂNIA,țară,1,0.959
2025-03-29_aderarea-republicii-moldova-la-uniunea-europeana-este-o-prio,2025-03-29,facebook-post,R. MOLDOVA,țară,1,0.802
2025-03-29_aderarea-republicii-moldova-la-uniunea-europeana-este-o-prio,2025-03-29,facebook-post,UE,instituție internațională,1,0.568
2025-03-29_am-deschis-astazi-oficial-sediul-de-campanie-pentru-candidat,2025-03-29,facebook-post,ROMÂNIA,țară,3,0.933
2025-03-29_primul-transplant-hepatic-din-2025-a-fost-realizat-cu-succes,2025-03-29,facebook-post,ROMÂNIA,țară,1,0.899
2025-03-30_am-fost-invitatul-lui-radu-andrei-tudor-la-the-news-man-podc,2025-03-30,facebook-post,ROMÂNIA,țară,1,0.944
2025-03-30_astazi-am-discutat-cu-sustinatorii-din-chisinau-despre-impor,2025-03-30,facebook-post,ROMÂNIA,țară,3,0.963
2025-03-30_astazi-am-discutat-cu-sustinatorii-din-chisinau-despre-impor,2025-03-30,facebook-post,R. MOLDOVA,țară,8,0.985
2025-03-30_astazi-am-discutat-cu-sustinatorii-din-chisinau-despre-impor,2025-03-30,facebook-post,UE,instituție internațională,1,0.519
2025-03-31_am-vizitat-ieri-la-chisinau-cramele-cricova-un-adevarat-simb,2025-03-31,facebook-post,ROMÂNIA,țară,1,0.9
2025-03-31_am-vizitat-ieri-la-chisinau-cramele-cricova-un-adevarat-simb,2025-03-31,facebook-post,R. MOLDOVA,țară,1,0.946
2025-03-31_voluntarii-campaniei-au-fost-si-in-acest-week-end-prezenti-i,2025-03-31,facebook-post,ROMÂNIA,țară,1,0.526
2025-04-01_psd-care-a-cheltuit-peste-50-de-milioane-de-euro-din-bani-pu,2025-04-01,facebook-post,PSD,partid politic,2,0.994
2025-04-01_situatia-financiara-actuala-a-romaniei-este-similara-cu-cea,2025-04-01,facebook-post,ROMÂNIA,țară,1,0.925
2025-04-02_teatrul-ion-creanga-a-fost-abandonat-desi-are-multa-istorie,2025-04-02,facebook-post,ROMÂNIA,țară,1,0.958
2025-04-03_in-cateva-ore-incepe-oficial-campania-electorala-voluntarii,2025-04-03,facebook-post,ROMÂNIA,țară,1,0.953
2025-04-03_madrid-londra-roma-paris-berlin-bruxelles-new-york-acolo-und,2025-04-03,facebook-post,ROMÂNIA,țară,2,0.975
2025-04-03_tarifele-impuse-de-statele-unite-vor-afecta-intreaga-lume-ia,2025-04-03,facebook-post,SUA,țară,1,0.708
2025-04-03_tarifele-impuse-de-statele-unite-vor-afecta-intreaga-lume-ia,2025-04-03,facebook-post,GUVERN,instituție națională,2,0.544
2025-04-03_tarifele-impuse-de-statele-unite-vor-afecta-intreaga-lume-ia,2025-04-03,facebook-post,ROMÂNIA,țară,2,0.967
2025-04-03_tarifele-impuse-de-statele-unite-vor-afecta-intreaga-lume-ia,2025-04-03,facebook-post,COMISIA EUROPEANĂ,instituție națională,1,0.63
2025-04-04_aniversam-azi-intr-un-context-geopolitic-foarte-complicat-76,2025-04-04,facebook-post,NATO,instituție internațională,4,0.873
2025-04-04_aniversam-azi-intr-un-context-geopolitic-foarte-complicat-76,2025-04-04,facebook-post,ROMÂNIA,țară,5,0.931
2025-04-04_aniversam-azi-intr-un-context-geopolitic-foarte-complicat-76,2025-04-04,facebook-post,RUSIA,țară,2,0.753
2025-04-04_voluntarii-nostri-au-inceput-campania-electorala-cu-multa-en,2025-04-04,facebook-post,ROMÂNIA,țară,1,0.719
2025-04-05_dupa-o-zi-lunga-la-madrid-am-ajuns-in-camera-de-hotel-si-am,2025-04-05,facebook-post,RUSIA,țară,1,0.937
2025-04-05_forta-antreprenorilor-romani-din-regiunea-madrid-am-avut-o-d,2025-04-05,facebook-post,ROMÂNIA,țară,2,0.924
2025-04-05_intalnire-romaneasca-la-arganda-del-rey-regiunea-madrid-am-f,2025-04-05,facebook-post,ROMÂNIA,țară,4,0.95
2025-04-05_interviu-la-radio-romanul-alaturi-de-romanii-din-diaspora-am,2025-04-05,facebook-post,ROMÂNIA,țară,3,0.934
2025-04-06_daca-se-repara-romania-ma-intorc-cu-acest-mesaj-am-plecat-di,2025-04-06,facebook-post,ROMÂNIA,țară,2,0.987
2025-04-06_impreuna-vindecam-romania-avem-medici-profesionisti-si-asist,2025-04-06,facebook-post,ROMÂNIA,țară,1,0.969
2025-04-06_romania-onesta-este-prezenta-peste-tot-voluntarii-nostri-au,2025-04-06,facebook-post,ROMÂNIA,țară,2,0.968
2025-04-07_asa-arata-stabilitatea-psd-pnl-riscam-sa-pierdem-miliarde-de,2025-04-07,facebook-post,ROMÂNIA,țară,3,0.957
2025-04-07_asa-arata-stabilitatea-psd-pnl-riscam-sa-pierdem-miliarde-de,2025-04-07,facebook-post,PSD,partid politic,1,0.896
2025-04-07_asa-arata-stabilitatea-psd-pnl-riscam-sa-pierdem-miliarde-de,2025-04-07,facebook-post,PNL,partid politic,1,0.951
2025-04-07_asa-arata-stabilitatea-psd-pnl-riscam-sa-pierdem-miliarde-de,2025-04-07,facebook-post,COMISIA EUROPEANĂ,instituție internațională,1,0.548
2025-04-07_ieri-m-am-intalnit-cu-una-dintre-cele-mai-puternice-comunita,2025-04-07,facebook-post,ROMÂNIA,țară,4,0.903
2025-04-07_marcel-ciolacu-prim-ministru-al-guvernului-romaniei-conduce,2025-04-07,facebook-post,CIOLACU,persoană politică,3,0.902
2025-04-07_marcel-ciolacu-prim-ministru-al-guvernului-romaniei-conduce,2025-04-07,facebook-post,ROMÂNIA,țară,3,0.944
2025-04-07_marcel-ciolacu-prim-ministru-al-guvernului-romaniei-conduce,2025-04-07,facebook-post,SUA,țară,1,0.701
2025-04-08_astazi-de-ziua-internationala-a-romilor-gandurile-mele-se-in,2025-04-08,facebook-post,ROMÂNIA,țară,1,0.944
2025-04-08_consider-ca-propunerea-presedintelui-interimar-domnul-ilie-b,2025-04-08,facebook-post,BOLOJAN,persoană politică,1,0.463
2025-04-09_succes-tati-va-astept-la-21-00-la-antena-3-sa-vorbim-despre,2025-04-09,facebook-post,ROMÂNIA,țară,1,0.917
2025-04-10_later-edit-steven-seagal-este-emisar-special-al-ministerului,2025-04-10,facebook-post,PONTA,persoană politică,4,0.946
2025-04-10_later-edit-steven-seagal-este-emisar-special-al-ministerului,2025-04-10,facebook-post,ROMÂNIA,țară,3,0.964
2025-04-10_later-edit-steven-seagal-este-emisar-special-al-ministerului,2025-04-10,facebook-post,CIOLACU,persoană politică,1,0.724
2025-04-10_ponta-este-singurul-candidat-autoproclamat-anti-sorosist-car,2025-04-10,facebook-post,PONTA,persoană politică,1,0.952
2025-04-11_la-finalul-anului-trecut-coalitia-stabilitatii-psd-pnl-infii,2025-04-11,facebook-post,ROMÂNIA,țară,1,0.919
2025-04-12_sesizare-catre-autoritatea-electorala-permanenta-solicitam-r,2025-04-12,facebook-post,ROMÂNIA,țară,1,0.955
2025-04-13_condamn-cu-fermitate-atacul-criminal-de-azi-al-rusiei-care-a,2025-04-13,facebook-post,RUSIA,țară,2,0.973
2025-04-13_condamn-cu-fermitate-atacul-criminal-de-azi-al-rusiei-care-a,2025-04-13,facebook-post,UCRAINA,țară,1,0.917
2025-04-13_condamn-cu-fermitate-atacul-criminal-de-azi-al-rusiei-care-a,2025-04-13,facebook-post,ZELENSKI,persoană politică,1,0.865
2025-04-14_de-la-ce-functie-in-sus-considera-biroul-electoral-central-c,2025-04-14,facebook-post,CIOLACU,persoană politică,3,0.948
2025-04-14_de-la-ce-functie-in-sus-considera-biroul-electoral-central-c,2025-04-14,facebook-post,PSD,partid politic,1,0.683
2025-04-14_intarirea-pozitiei-romaniei-in-nato-si-ue-incepe-cu-consulta,2025-04-14,facebook-post,ROMÂNIA,țară,1,0.959
2025-04-14_intarirea-pozitiei-romaniei-in-nato-si-ue-incepe-cu-consulta,2025-04-14,facebook-post,NATO,instituție internațională,1,0.922
2025-04-14_intarirea-pozitiei-romaniei-in-nato-si-ue-incepe-cu-consulta,2025-04-14,facebook-post,UE,instituție internațională,1,0.918
2025-04-14_ne-dorim-ca-fetita-si-baietelul-nostru-sa-traiasca-in-romani,2025-04-14,facebook-post,ROMÂNIA,țară,1,0.952
2025-04-14_presedintele-absent-iohannis-si-tandemul-psd-pnl-au-tolerat,2025-04-14,facebook-post,IOHANNIS,persoană politică,1,0.73
2025-04-14_presedintele-absent-iohannis-si-tandemul-psd-pnl-au-tolerat,2025-04-14,facebook-post,DNA,instituție națională,1,0.683
2025-04-14_presedintele-absent-iohannis-si-tandemul-psd-pnl-au-tolerat,2025-04-14,facebook-post,DIICOT,instituție națională,1,0.827
2025-04-15_avem-o-scadere-a-productiei-industriale-cu-3-9-in-primele-lu,2025-04-15,facebook-post,ROMÂNIA,țară,1,0.958
2025-04-16_romanii-cenzurati-lui-marcel-ciolacu-i-se-permite-orice-ne-a,2025-04-16,facebook-post,CIOLACU,persoană politică,1,0.888
2025-04-18_am-vizitat-o-fabrica-de-panificatie-unde-in-prag-de-paste-mi,2025-04-18,facebook-post,ROMÂNIA,țară,2,0.967
2025-04-18_realitatea-e-simpla-ei-au-furat-romania-iar-acum-le-e-frica,2025-04-18,facebook-post,ROMÂNIA,țară,2,0.982
2025-04-22_prea-multa-nedreptate-e-in-romania-vreau-o-romanie-in-care-o,2025-04-22,facebook-post,ROMÂNIA,țară,2,0.964
2025-04-23_sanatatea-e-un-drept-fundamental-in-romania-onesta-pe-care-o,2025-04-23,facebook-post,ROMÂNIA,țară,2,0.95
2025-04-24_am-semnat-astazi-declaratia-universitatii-din-bucuresti-un-a,2025-04-24,facebook-post,ROMÂNIA,țară,4,0.938
2025-04-24_am-semnat-astazi-declaratia-universitatii-din-bucuresti-un-a,2025-04-24,facebook-post,UE,instituție internațională,2,0.949
2025-04-24_am-semnat-astazi-declaratia-universitatii-din-bucuresti-un-a,2025-04-24,facebook-post,NATO,instituție internațională,2,0.894
2025-04-24_am-semnat-astazi-declaratia-universitatii-din-bucuresti-un-a,2025-04-24,facebook-post,SUA,țară,2,0.689
2025-04-24_educatia-este-temelia-unei-romanii-puternice-fiecare-copil-d,2025-04-24,facebook-post,ROMÂNIA,țară,2,0.952
2025-04-26_m-au-intrebat-multi-tineri-ce-pot-face-pentru-campania-roman,2025-04-26,facebook-post,ROMÂNIA,țară,1,0.85
2025-04-26_romania-are-nevoie-de-fapte-concrete-si-de-oameni-bine-inten,2025-04-26,facebook-post,ROMÂNIA,țară,1,0.974
2025-04-27_in-prea-multe-locuri-din-romania-oamenii-nu-au-acces-la-medi,2025-04-27,facebook-post,ROMÂNIA,țară,1,0.952
2025-04-27_sa-ne-amintim-cine-e-crin-antonescu-candidatul-lui-marcel-ci,2025-04-27,facebook-post,CIOLACU,persoană politică,1,0.828
2025-04-27_sa-ne-amintim-cine-e-crin-antonescu-candidatul-lui-marcel-ci,2025-04-27,facebook-post,PSD,partid politic,1,0.951
2025-04-27_sa-ne-amintim-cine-e-crin-antonescu-candidatul-lui-marcel-ci,2025-04-27,facebook-post,IOHANNIS,persoană politică,1,0.917
2025-04-27_se-intreaba-mamele-de-la-sate-si-din-orasele-mici-ce-viitor,2025-04-27,facebook-post,ROMÂNIA,țară,1,0.87
2025-04-28_dezbaterea-s-a-incheiat-voi-cum-ati-perceput-aceasta-dezbate,2025-04-28,facebook-post,ROMÂNIA,țară,2,0.937
2025-04-28_multumesc-mirabela-cand-voi-fi-presedinte-voi-face-tot-ce-mi,2025-04-28,facebook-post,ROMÂNIA,țară,1,0.985
2025-04-29_de-ziua-veteranilor-de-razboi-cinstim-curajul-celor-care-au,2025-04-29,facebook-post,ROMÂNIA,țară,1,0.955
2025-05-01_disperarea-atinge-cote-maxime-marcel-ciolacu-a-ajuns-sa-trim,2025-05-01,facebook-post,CIOLACU,persoană politică,1,0.952
2025-05-01_este-incalificabil-sa-folosesti-romanii-bolnavi-de-cancer-ca,2025-05-01,facebook-post,ROMÂNIA,țară,1,0.874
2025-05-01_pozele-pe-care-le-a-postat-elena-lasconi-sunt-un-fals-grosol,2025-05-01,facebook-post,LASCONI,persoană politică,1,0.748
2025-05-02_astazi-celebram-energia-curajul-si-visurile-unei-generatii-c,2025-05-02,facebook-post,ROMÂNIA,țară,1,0.906
2025-05-02_daca-esti-plecat-din-romania-pe-4-mai-poti-vota-in-tara-in-c,2025-05-02,facebook-post,ROMÂNIA,țară,1,0.95
2025-05-02_dezinformare-marca-ciolacu-coalitia-lui-ciolacu-spune-ca-doa,2025-05-02,facebook-post,SIMION,persoană politică,1,0.573
2025-05-02_iesim-la-vot-pentru-ca-romania-are-nevoie-de-oameni-care-sa,2025-05-02,facebook-post,ROMÂNIA,țară,1,0.962
2025-05-03_daca-sunteti-plecati-de-acasa-puteti-vota-in-orice-sectie-vo,2025-05-03,facebook-post,ROMÂNIA,țară,1,0.965
2025-05-03_daca-votati-in-diaspora-tineti-cont-ca-sectiile-se-inchid-la,2025-05-03,facebook-post,ROMÂNIA,țară,1,0.894
2025-05-03_romania-are-nevoie-de-o-presa-onesta-de-ziua-internationala,2025-05-03,facebook-post,ROMÂNIA,țară,1,0.982
2025-05-04_o-prezenta-mare-la-urne-le-strica-planurile-alegerea-ta-poat,2025-05-04,facebook-post,ROMÂNIA,țară,3,0.986
2025-05-05_prin-votul-romanilor-de-ieri-s-a-incheiat-o-epoca-politica-s,2025-05-05,facebook-post,ROMÂNIA,țară,1,0.957
2025-05-05_romania-are-o-sansa-le-multumesc-tuturor-celor-care-au-votat,2025-05-05,facebook-post,ROMÂNIA,țară,5,0.983
2025-05-06_6-mai-1990-podul-de-flori-ziua-in-care-prutul-a-unit-nu-a-de,2025-05-06,facebook-post,ROMÂNIA,țară,2,0.73
2025-05-06_6-mai-1990-podul-de-flori-ziua-in-care-prutul-a-unit-nu-a-de,2025-05-06,facebook-post,R. MOLDOVA,țară,2,0.982
2025-05-06_6-mai-1990-podul-de-flori-ziua-in-care-prutul-a-unit-nu-a-de,2025-05-06,facebook-post,ITALIA,țară,1,0.909
2025-05-06_6-mai-1990-podul-de-flori-ziua-in-care-prutul-a-unit-nu-a-de,2025-05-06,facebook-post,GERMANIA,țară,1,0.843
2025-05-06_6-mai-1990-podul-de-flori-ziua-in-care-prutul-a-unit-nu-a-de,2025-05-06,facebook-post,UK,țară,1,0.83
2025-05-07_am-vorbit-azi-in-cadrul-unui-eveniment-organizat-de-romanian,2025-05-07,facebook-post,ROMÂNIA,țară,2,0.972
2025-05-07_eu-sunt-aici-pentru-dezbateri-asa-cum-am-fost-si-in-primul-t,2025-05-07,facebook-post,SIMION,persoană politică,1,0.942
2025-05-08_ipocrizia-lui-george-simion-este-clara-nu-si-asuma-opiniile,2025-05-08,facebook-post,SIMION,persoană politică,1,0.798
2025-05-08_ipocrizia-lui-george-simion-este-clara-nu-si-asuma-opiniile,2025-05-08,facebook-post,GEORGESCU,persoană politică,1,0.785
2025-05-08_ipocrizia-lui-george-simion-este-clara-nu-si-asuma-opiniile,2025-05-08,facebook-post,ROMÂNIA,țară,1,0.886
2025-05-08_salut-alegerea-noului-papa-leon-al-xiv-lea-si-sunt-alaturi-d,2025-05-08,facebook-post,ROMÂNIA,țară,1,0.962
2025-05-09_la-multi-ani-europa-astazi-de-ziua-europei-celebram-nu-doar,2025-05-09,facebook-post,ROMÂNIA,țară,4,0.979
2025-05-09_la-multi-ani-europa-astazi-de-ziua-europei-celebram-nu-doar,2025-05-09,facebook-post,UE,instituție internațională,1,0.52
2025-05-09_la-multi-ani-europa-astazi-de-ziua-europei-celebram-nu-doar,2025-05-09,facebook-post,R. MOLDOVA,țară,1,0.842
2025-05-10_astazi-10-mai-celebram-ziua-independentei-de-stat-a-romaniei,2025-05-10,facebook-post,ROMÂNIA,țară,5,0.966
2025-05-10_george-simion-si-a-dezvaluit-adevarata-fata-un-suveranist-de,2025-05-10,facebook-post,SIMION,persoană politică,1,0.932
2025-05-10_george-simion-si-a-dezvaluit-adevarata-fata-un-suveranist-de,2025-05-10,facebook-post,SUA,țară,1,0.749
2025-05-10_george-simion-si-a-dezvaluit-adevarata-fata-un-suveranist-de,2025-05-10,facebook-post,ROMÂNIA,țară,1,0.936
2025-05-10_o-tara-care-isi-doreste-sa-fie-sigura-si-in-care-legea-este,2025-05-10,facebook-post,ROMÂNIA,țară,1,0.929
2025-05-10_romania-nu-si-permite-sa-faca-un-experiment-sa-vada-cum-ar-f,2025-05-10,facebook-post,ROMÂNIA,țară,2,0.982
2025-05-11_atacurile-botilor-continua-si-nu-intamplator-sunt-vizate-pos,2025-05-11,facebook-post,SIMION,persoană politică,1,0.918
2025-05-11_nu-putem-trece-cu-vederea-faptul-ca-george-simion-a-dat-sper,2025-05-11,facebook-post,SIMION,persoană politică,1,0.904
2025-05-11_nu-putem-trece-cu-vederea-faptul-ca-george-simion-a-dat-sper,2025-05-11,facebook-post,ROMÂNIA,țară,1,0.939
2025-05-11_romania-are-nevoie-de-noi-toti-traim-vremuri-care-ne-pun-la,2025-05-11,facebook-post,ROMÂNIA,țară,3,0.972
2025-05-12_echilibru-si-o-schimbare-in-bine-sau-haos-social-si-dezastru,2025-05-12,facebook-post,ROMÂNIA,țară,1,0.906
2025-05-12_impreuna-putem-construi-o-romanie-in-care-copiii-nostri-sa-r,2025-05-12,facebook-post,ROMÂNIA,țară,2,0.966
2025-05-12_intotdeauna-inainte-de-primar-sau-presedinte-voi-fi-un-om-pr,2025-05-12,facebook-post,ROMÂNIA,țară,2,0.932
2025-05-12_romania-are-nevoie-de-un-presedinte-curajos-care-se-prezinta,2025-05-12,facebook-post,ROMÂNIA,țară,1,0.979
2025-05-12_romania-are-nevoie-de-un-presedinte-curajos-care-se-prezinta,2025-05-12,facebook-post,SIMION,persoană politică,1,0.905
2025-05-13_iti-multumesc-delia-grigore-pentru-ca-esti-vocea-romilor-din,2025-05-13,facebook-post,ROMÂNIA,țară,1,0.974
2025-05-13_vin-dintr-o-familie-simpla-dintr-un-oras-mic-al-romaniei-am,2025-05-13,facebook-post,ROMÂNIA,țară,1,0.934
2025-05-14_a-patra-dezbatere-consecutiva-a-patra-oara-cand-george-simio,2025-05-14,facebook-post,SIMION,persoană politică,1,0.963
2025-05-14_am-primit-cu-multa-emotie-si-recunostinta-mesajul-presedinte,2025-05-14,facebook-post,R. MOLDOVA,țară,1,0.843
2025-05-14_am-primit-cu-multa-emotie-si-recunostinta-mesajul-presedinte,2025-05-14,facebook-post,MAIA SANDU,persoană politică,1,0.903
2025-05-14_banii-folositi-de-stat-pentru-retetele-compensate-nu-sunt-si,2025-05-14,facebook-post,SIMION,persoană politică,1,0.949
2025-05-14_ii-multumesc-prim-ministrului-poloniei-donald-tusk-pentru-ac,2025-05-14,facebook-post,POLONIA,țară,2,0.964
2025-05-14_ii-multumesc-prim-ministrului-poloniei-donald-tusk-pentru-ac,2025-05-14,facebook-post,ROMÂNIA,țară,1,0.869
2025-05-14_insusi-omul-pe-care-isi-cladeste-campania-george-simion-spun,2025-05-14,facebook-post,SIMION,persoană politică,1,0.85
2025-05-15_cine-pe-cine-ia-de-mana-imparte-sau-nu-george-simion-pareril,2025-05-15,facebook-post,SIMION,persoană politică,1,0.902
2025-05-15_cine-pe-cine-ia-de-mana-imparte-sau-nu-george-simion-pareril,2025-05-15,facebook-post,GEORGESCU,persoană politică,1,0.859
2025-05-15_contracandidatul-meu-minte-ca-o-gazeta-ruseasca-nu-exista-ni,2025-05-15,facebook-post,ROMÂNIA,țară,1,0.925
2025-05-15_este-intolerabil-sa-jignesti-sute-de-mii-de-copii-si-adulti,2025-05-15,facebook-post,ROMÂNIA,țară,3,0.931
2025-05-15_romania-are-speranta-drumul-spre-stabilitate-cere-seriozitat,2025-05-15,facebook-post,ROMÂNIA,țară,1,0.965
2025-05-15_romania-are-speranta-drumul-spre-stabilitate-cere-seriozitat,2025-05-15,facebook-post,BOLOJAN,persoană politică,1,0.884
2025-05-15_simion-si-interlopii-spune-mi-cu-cine-umbli-ca-sa-iti-spun-c,2025-05-15,facebook-post,SIMION,persoană politică,3,0.893
2025-05-15_simion-si-partidul-lui-despre-femei-felul-in-care-un-barbat,2025-05-15,facebook-post,SIMION,persoană politică,3,0.902
2025-05-15_simion-si-partidul-lui-despre-femei-felul-in-care-un-barbat,2025-05-15,facebook-post,ROMÂNIA,țară,1,0.932
2025-05-16_am-insotit-un-grup-de-lucratori-dintr-un-depozit-la-iesirea,2025-05-16,facebook-post,ROMÂNIA,țară,1,0.899
2025-05-16_cirese-si-bujori-de-la-oamenii-vrednici-e-plina-romania-de-e,2025-05-16,facebook-post,ROMÂNIA,țară,1,0.958
2025-05-16_final-de-campanie-o-campanie-onesta-pentru-o-romanie-onesta,2025-05-16,facebook-post,ROMÂNIA,țară,1,0.817
2025-05-16_in-timp-ce-contracandidatul-meu-jignea-poporul-francez-chiar,2025-05-16,facebook-post,MACRON,persoană politică,1,0.913
2025-05-16_in-timp-ce-contracandidatul-meu-jignea-poporul-francez-chiar,2025-05-16,facebook-post,FRANȚA,țară,3,0.964
2025-05-16_in-timp-ce-contracandidatul-meu-jignea-poporul-francez-chiar,2025-05-16,facebook-post,ROMÂNIA,țară,1,0.894
2025-05-16_romania-care-munceste-merita-respect-si-sustinere-am-fost-la,2025-05-16,facebook-post,ROMÂNIA,țară,3,0.986
2025-05-16_sunt-oamenii-care-duc-romania-in-toata-europa-pe-ploaie-nins,2025-05-16,facebook-post,ROMÂNIA,țară,1,0.973
2025-05-17_continuati-sa-credeti-in-romania-si-iesiti-la-vot-nu-e-o-ale,2025-05-17,facebook-post,ROMÂNIA,țară,1,0.973
2025-05-17_dragi-romani-din-diaspora-dreptul-vostru-alegerea-voastra-do,2025-05-17,facebook-post,ROMÂNIA,țară,1,0.983
2025-05-17_romania-poate-fi-din-nou-locul-in-care-femeile-aleg-sa-raman,2025-05-17,facebook-post,ROMÂNIA,țară,1,0.982
2025-05-18_a-fost-o-mobilizare-fara-precedent-si-de-aceea-victoria-este,2025-05-18,facebook-post,ROMÂNIA,țară,2,0.922
2025-05-18_am-votat-astazi-la-fagaras-in-orasul-meu-natal-in-scoala-in,2025-05-18,facebook-post,ROMÂNIA,țară,2,0.973
2025-05-18_un-gand-special-de-recunostinta-si-multumiri-cetatenilor-rom,2025-05-18,facebook-post,R. MOLDOVA,țară,1,0.919
2025-05-18_un-gand-special-de-recunostinta-si-multumiri-cetatenilor-rom,2025-05-18,facebook-post,MAIA SANDU,persoană politică,1,0.931
2025-05-21_am-avut-o-prima-discutie-informala-cu-presedinta-parlamentul,2025-05-21,facebook-post,ROMÂNIA,țară,1,0.97
2025-05-22_am-fost-bucuros-sa-particip-la-gala-repatriot-un-eveniment-d,2025-05-22,facebook-post,ROMÂNIA,țară,1,0.968
2025-05-22_astazi-am-primit-validarea-mandatului-de-presedinte-al-roman,2025-05-22,facebook-post,ROMÂNIA,țară,2,0.948
2025-05-24_investitia-in-educatia-tinerilor-ii-va-ajuta-pe-ei-sa-creasc,2025-05-24,facebook-post,ROMÂNIA,țară,2,0.949
2025-05-24_romania-continuam-pe-drumul-democratic-pro-european-si-trans,2025-05-24,facebook-post,ROMÂNIA,țară,3,0.989
2025-05-25_am-avut-astazi-o-discutie-utila-si-foarte-placuta-cu-o-parte,2025-05-25,facebook-post,UE,instituție internațională,1,0.508
2025-05-25_am-avut-astazi-o-discutie-utila-si-foarte-placuta-cu-o-parte,2025-05-25,facebook-post,POLONIA,țară,1,0.971
2025-05-25_am-participat-astazi-cu-emotie-si-speranta-la-marsul-milionu,2025-05-25,facebook-post,POLONIA,țară,2,0.99
2025-05-25_am-participat-astazi-cu-emotie-si-speranta-la-marsul-milionu,2025-05-25,facebook-post,ROMÂNIA,țară,2,0.988
2025-05-25_cu-ocazia-zilei-romanilor-de-pretutindeni-gandurile-mele-se,2025-05-25,facebook-post,ROMÂNIA,țară,2,0.988
2025-05-26_astazi-am-depus-juramantul-in-fata-parlamentului-romaniei-ca,2025-05-26,facebook-post,ROMÂNIA,țară,3,0.969
2025-05-26_astazi-am-depus-juramantul-in-fata-parlamentului-romaniei-ca,2025-05-26,facebook-post,R. MOLDOVA,țară,1,0.845
2025-05-28_am-fost-onorat-sa-port-o-discutie-cu-presedintele-donald-tru,2025-05-28,facebook-post,TRUMP,persoană politică,1,0.849
2025-05-28_am-fost-onorat-sa-port-o-discutie-cu-presedintele-donald-tru,2025-05-28,facebook-post,SUA,țară,1,0.974
2025-05-29_gandurile-mele-se-indreapta-catre-familiile-lovite-de-inunda,2025-05-29,facebook-post,ROMÂNIA,țară,1,0.956
2025-05-31_am-fost-astazi-in-comuna-bacel-grav-afectata-de-inundatii-am,2025-05-31,facebook-post,ROMÂNIA,țară,1,0.952
2025-06-01_astazi-de-1-iunie-celebram-inocenta-bucuria-si-speranta-pe-c,2025-06-01,facebook-post,ROMÂNIA,țară,2,0.955
2025-06-02_am-incheiat-astazi-un-summit-b9-important-la-vilnius-alaturi,2025-06-02,facebook-post,RUSIA,țară,1,0.825
2025-06-02_am-incheiat-astazi-un-summit-b9-important-la-vilnius-alaturi,2025-06-02,facebook-post,ROMÂNIA,țară,1,0.965
2025-06-04_astazi-am-prezentat-principalele-teme-care-se-afla-pe-agenda,2025-06-04,facebook-post,ROMÂNIA,țară,4,0.972
2025-06-04_astazi-am-prezentat-principalele-teme-care-se-afla-pe-agenda,2025-06-04,facebook-post,COMISIA EUROPEANĂ,instituție națională,1,0.591
2025-06-08_astazi-romania-a-celebrat-o-pe-una-dintre-cele-mai-mari-spor,2025-06-08,facebook-post,ROMÂNIA,țară,1,0.981
2025-06-10_i-am-urat-un-calduros-bun-venit-in-romania-majestatii-sale-f,2025-06-10,facebook-post,ROMÂNIA,țară,2,0.949
2025-06-10_ma-bucur-sa-ma-aflu-astazi-la-chisinau-in-prima-mea-vizita-o,2025-06-10,facebook-post,ROMÂNIA,țară,3,0.922
2025-06-10_ma-bucur-sa-ma-aflu-astazi-la-chisinau-in-prima-mea-vizita-o,2025-06-10,facebook-post,R. MOLDOVA,țară,2,0.981
2025-06-11_astazi-la-odesa-am-avut-o-discutie-foarte-buna-cu-reprezenta,2025-06-11,facebook-post,UCRAINA,țară,2,0.82
2025-06-11_astazi-la-odesa-am-avut-o-discutie-foarte-buna-cu-reprezenta,2025-06-11,facebook-post,ROMÂNIA,țară,2,0.956
2025-06-11_astazi-la-odesa-in-marja-summitului-ucraina-europa-de-sud-es,2025-06-11,facebook-post,UCRAINA,țară,4,0.977
2025-06-11_astazi-la-odesa-in-marja-summitului-ucraina-europa-de-sud-es,2025-06-11,facebook-post,ROMÂNIA,țară,2,0.973
2025-06-11_astazi-la-odesa-in-marja-summitului-ucraina-europa-de-sud-es,2025-06-11,facebook-post,R. MOLDOVA,țară,2,0.978
2025-06-11_astazi-la-odesa-in-marja-summitului-ucraina-europa-de-sud-es,2025-06-11,facebook-post,MAIA SANDU,persoană politică,1,0.963
2025-06-16_i-am-invitat-astazi-la-palatul-cotroceni-pe-reprezentantii-s,2025-06-16,facebook-post,ROMÂNIA,țară,1,0.971
2025-06-18_romania-se-confrunta-cu-un-nivel-ingrijorator-de-violenta-im,2025-06-18,facebook-post,ROMÂNIA,țară,1,0.943
2025-06-20_l-am-desemnat-astazi-pe-domnul-ilie-bolojan-in-functia-de-pr,2025-06-20,facebook-post,BOLOJAN,persoană politică,2,0.945
2025-06-20_l-am-desemnat-astazi-pe-domnul-ilie-bolojan-in-functia-de-pr,2025-06-20,facebook-post,ROMÂNIA,țară,2,0.959
2025-06-25_a-fost-o-reala-onoare-sa-ma-intalnesc-cu-prim-ministrul-rega,2025-06-25,facebook-post,NATO,instituție internațională,2,0.679
2025-06-25_a-fost-o-reala-onoare-sa-ma-intalnesc-cu-prim-ministrul-rega,2025-06-25,facebook-post,ROMÂNIA,țară,1,0.898
2025-06-25_a-fost-o-reala-onoare-sa-ma-intalnesc-cu-prim-ministrul-rega,2025-06-25,facebook-post,UK,țară,1,0.958
2025-06-25_am-avut-o-intrevedere-foarte-buna-cu-presedintele-petr-pavel,2025-06-25,facebook-post,ROMÂNIA,țară,2,0.964
2025-06-25_am-avut-o-intrevedere-foarte-buna-cu-presedintele-petr-pavel,2025-06-25,facebook-post,UCRAINA,țară,2,0.969
2025-06-25_am-avut-o-intrevedere-foarte-buna-cu-presedintele-petr-pavel,2025-06-25,facebook-post,R. MOLDOVA,țară,1,0.943
2025-06-25_am-avut-o-intrevedere-foarte-buna-cu-presedintele-petr-pavel,2025-06-25,facebook-post,NATO,țară,1,0.571
2025-06-26_am-avut-o-prima-intalnire-cu-membrii-romani-ai-parlamentului,2025-06-26,facebook-post,ROMÂNIA,țară,3,0.982
2025-06-26_am-avut-un-dialog-foarte-bun-cu-presedintele-consiliului-eur,2025-06-26,facebook-post,ROMÂNIA,țară,1,0.96
2025-07-02_am-aflat-cu-profunda-tristete-vestea-disparitiei-lui-mihai-l,2025-07-02,facebook-post,ROMÂNIA,țară,1,0.972
2025-07-08_l-am-numit-astazi-pe-dacian-cosmin-dragos-in-functia-de-jude,2025-07-08,facebook-post,ROMÂNIA,țară,2,0.876
2025-07-14_masurile-fiscale-adoptate-acum-reprezinta-o-situatie-provizo,2025-07-14,facebook-post,OCDE,instituție internațională,1,0.659
2025-07-14_masurile-fiscale-adoptate-acum-reprezinta-o-situatie-provizo,2025-07-14,facebook-post,ROMÂNIA,țară,3,0.921
2025-07-14_masurile-fiscale-adoptate-acum-reprezinta-o-situatie-provizo,2025-07-14,facebook-post,ADMINISTRAȚIA PREZIDENȚIALĂ,instituție națională,1,0.649
2025-07-14_masurile-fiscale-adoptate-acum-reprezinta-o-situatie-provizo,2025-07-14,facebook-post,GUVERN,instituție națională,2,0.562
2025-07-18_am-avut-o-intalnire-foarte-buna-cu-cancelarul-federal-al-ger,2025-07-18,facebook-post,GERMANIA,țară,3,0.992
2025-07-18_am-avut-o-intalnire-foarte-buna-cu-cancelarul-federal-al-ger,2025-07-18,facebook-post,ROMÂNIA,țară,2,0.928
2025-07-18_am-avut-o-intalnire-foarte-buna-cu-cancelarul-federal-al-ger,2025-07-18,facebook-post,OCDE,instituție internațională,1,0.758
2025-07-21_ii-indemn-pe-cei-care-inca-se-indoiesc-de-interferentele-rus,2025-07-21,facebook-post,ROMÂNIA,țară,2,0.872
2025-07-21_ii-indemn-pe-cei-care-inca-se-indoiesc-de-interferentele-rus,2025-07-21,facebook-post,NATO,instituție internațională,3,0.878
2025-07-21_ii-indemn-pe-cei-care-inca-se-indoiesc-de-interferentele-rus,2025-07-21,facebook-post,UE,instituție internațională,2,0.766
2025-07-21_ii-indemn-pe-cei-care-inca-se-indoiesc-de-interferentele-rus,2025-07-21,facebook-post,UK,țară,1,0.899
2025-07-21_ii-indemn-pe-cei-care-inca-se-indoiesc-de-interferentele-rus,2025-07-21,facebook-post,RUSIA,țară,1,0.653
2025-07-22_ma-ingrijoreaza-profund-rezultatele-studiului-prezentat-asta,2025-07-22,facebook-post,ROMÂNIA,țară,1,0.97
2025-07-24_ieri-am-avut-o-intalnire-cu-ministrul-mediului-diana-buzoian,2025-07-24,facebook-post,GUVERN,instituție națională,2,0.775
2025-07-24_ieri-am-avut-o-intalnire-cu-ministrul-mediului-diana-buzoian,2025-07-24,facebook-post,ROMÂNIA,țară,1,0.938
2025-07-25_am-avut-o-intalnire-constructiva-cu-reprezentanti-ai-mediulu,2025-07-25,facebook-post,ROMÂNIA,țară,2,0.951
2025-07-25_austria-si-romania-intra-intr-un-nou-capitol-al-relatiei-bil,2025-07-25,facebook-post,ROMÂNIA,țară,2,0.99
2025-07-26_in-cadrul-intalnirii-de-astazi-cu-cancelarul-federal-al-aust,2025-07-26,facebook-post,ROMÂNIA,țară,1,0.964
2025-07-27_alaturi-de-austria-al-treilea-mare-investitor-din-romania-in,2025-07-27,facebook-post,ROMÂNIA,țară,1,0.974
2025-07-28_astazi-am-avut-placerea-de-a-l-primi-la-palatul-cotroceni-pe,2025-07-28,facebook-post,ROMÂNIA,țară,2,0.919
2025-07-29_sunt-profund-afectat-de-pierderile-de-vieti-omenesti-si-de-d,2025-07-29,facebook-post,ROMÂNIA,țară,1,0.952
2025-07-30_astazi-comemorand-ziua-internationala-pentru-lupta-impotriva,2025-07-30,facebook-post,ROMÂNIA,țară,1,0.983
2025-07-30_astazi-comemorand-ziua-internationala-pentru-lupta-impotriva,2025-07-30,facebook-post,DIICOT,instituție națională,1,0.739
2025-07-30_este-total-aberant-ca-pensia-pe-care-o-ia-un-magistrat-sa-fi,2025-07-30,facebook-post,CSM,instituție națională,1,0.538
2025-08-12_aceste-zile-petrecute-dincolo-de-prut-ne-au-reamintit-cat-de,2025-08-12,facebook-post,ROMÂNIA,țară,1,0.954
2025-08-12_aceste-zile-petrecute-dincolo-de-prut-ne-au-reamintit-cat-de,2025-08-12,facebook-post,R. MOLDOVA,țară,1,0.969
2025-08-12_salut-eforturile-presedintelui-donald-trump-de-a-contribui-l,2025-08-12,facebook-post,TRUMP,persoană politică,1,0.887
2025-08-12_salut-eforturile-presedintelui-donald-trump-de-a-contribui-l,2025-08-12,facebook-post,RUSIA,țară,1,0.944
2025-08-12_salut-eforturile-presedintelui-donald-trump-de-a-contribui-l,2025-08-12,facebook-post,UCRAINA,țară,3,0.987
2025-08-13_am-participat-astazi-la-videoconferinta-coalitiei-de-vointa,2025-08-13,facebook-post,SUA,țară,1,0.837
2025-08-13_am-participat-astazi-la-videoconferinta-coalitiei-de-vointa,2025-08-13,facebook-post,TRUMP,persoană politică,1,0.973
2025-08-13_am-participat-astazi-la-videoconferinta-coalitiei-de-vointa,2025-08-13,facebook-post,UCRAINA,țară,3,0.948
2025-08-17_astazi-in-cadrul-unei-noi-videoconferinte-a-coalitiei-de-voi,2025-08-17,facebook-post,UCRAINA,țară,8,0.983
2025-08-17_astazi-in-cadrul-unei-noi-videoconferinte-a-coalitiei-de-voi,2025-08-17,facebook-post,RUSIA,țară,5,0.988
2025-08-17_astazi-in-cadrul-unei-noi-videoconferinte-a-coalitiei-de-voi,2025-08-17,facebook-post,SUA,țară,1,0.823
2025-08-17_cele-mai-frumoase-locuri-pe-care-le-am-vizitat-cu-familia-su,2025-08-17,facebook-post,ROMÂNIA,țară,1,0.969
2025-08-18_o-veste-buna-agentia-de-rating-fitch-a-confirmat-vineri-rati,2025-08-18,facebook-post,ROMÂNIA,țară,4,0.963
2025-08-18_rusia-nu-isi-doreste-pacea-in-cadrul-coalitiei-pentru-vointa,2025-08-18,facebook-post,RUSIA,țară,2,0.986
2025-08-18_rusia-nu-isi-doreste-pacea-in-cadrul-coalitiei-pentru-vointa,2025-08-18,facebook-post,UCRAINA,țară,1,0.93
2025-08-19_astazi-la-videoconferintele-coalitiei-de-vointa-si-ale-consi,2025-08-19,facebook-post,UCRAINA,țară,2,0.978
2025-08-19_astazi-la-videoconferintele-coalitiei-de-vointa-si-ale-consi,2025-08-19,facebook-post,ROMÂNIA,țară,1,0.946
2025-08-19_astazi-la-videoconferintele-coalitiei-de-vointa-si-ale-consi,2025-08-19,facebook-post,RUSIA,țară,1,0.881
2025-08-19_astazi-la-videoconferintele-coalitiei-de-vointa-si-ale-consi,2025-08-19,facebook-post,SUA,țară,1,0.725
2025-08-19_videoconferintele-coalitiei-de-vointa-si-ale-consiliului-eur,2025-08-19,facebook-post,UCRAINA,țară,4,0.975
2025-08-19_videoconferintele-coalitiei-de-vointa-si-ale-consiliului-eur,2025-08-19,facebook-post,RUSIA,țară,2,0.934
2025-08-19_videoconferintele-coalitiei-de-vointa-si-ale-consiliului-eur,2025-08-19,facebook-post,ROMÂNIA,țară,3,0.975
2025-08-19_videoconferintele-coalitiei-de-vointa-si-ale-consiliului-eur,2025-08-19,facebook-post,SUA,țară,1,0.727
2025-08-19_videoconferintele-coalitiei-de-vointa-si-ale-consiliului-eur,2025-08-19,facebook-post,R. MOLDOVA,țară,1,0.938
2025-08-20_mult-respect-si-recunostinta-pentru-militarii-din-comandamen,2025-08-20,facebook-post,ROMÂNIA,țară,1,0.885
2025-08-20_mult-respect-si-recunostinta-pentru-militarii-din-comandamen,2025-08-20,facebook-post,NATO,instituție internațională,1,0.936
2025-08-20_mult-respect-si-recunostinta-pentru-militarii-din-comandamen,2025-08-20,facebook-post,UE,instituție internațională,1,0.917
2025-08-26_m-am-intalnit-astazi-la-palatul-cotroceni-cu-diplomatii-roma,2025-08-26,facebook-post,ROMÂNIA,țară,3,0.919
2025-08-26_m-am-intalnit-astazi-la-palatul-cotroceni-cu-diplomatii-roma,2025-08-26,facebook-post,UE,instituție internațională,1,0.62
2025-08-26_m-am-intalnit-astazi-la-palatul-cotroceni-cu-diplomatii-roma,2025-08-26,facebook-post,NATO,instituție internațională,1,0.554
2025-08-26_m-am-intalnit-astazi-la-palatul-cotroceni-cu-diplomatii-roma,2025-08-26,facebook-post,UCRAINA,țară,1,0.77
2025-08-26_m-am-intalnit-astazi-la-palatul-cotroceni-cu-diplomatii-roma,2025-08-26,facebook-post,R. MOLDOVA,țară,1,0.875
2025-08-26_m-am-intalnit-astazi-la-palatul-cotroceni-cu-diplomatii-roma,2025-08-26,facebook-post,OCDE,instituție internațională,1,0.676
2025-08-28_condamn-cu-fermitate-agresiunea-asupra-unui-tanar-venit-la-m,2025-08-28,facebook-post,ROMÂNIA,țară,1,0.874
2025-08-31_astazi-am-avut-onoarea-de-a-fi-prezent-la-marea-dictare-nati,2025-08-31,facebook-post,R. MOLDOVA,țară,2,0.983
2025-08-31_astazi-am-avut-onoarea-de-a-fi-prezent-la-marea-dictare-nati,2025-08-31,facebook-post,MAIA SANDU,persoană politică,1,0.936
2025-08-31_astazi-am-avut-onoarea-de-a-fi-prezent-la-marea-dictare-nati,2025-08-31,facebook-post,ROMÂNIA,țară,2,0.945
2025-08-31_participare-alaturi-de-presedintele-republicii-moldova-maia,2025-08-31,facebook-post,R. MOLDOVA,țară,1,0.862
2025-08-31_participare-alaturi-de-presedintele-republicii-moldova-maia,2025-08-31,facebook-post,MAIA SANDU,persoană politică,1,0.969
2025-09-01_astazi-i-am-urat-bun-venit-pe-tarmul-marii-negre-doamnei-pre,2025-09-01,facebook-post,URSULA VDL,persoană politică,1,0.974
2025-09-01_astazi-i-am-urat-bun-venit-pe-tarmul-marii-negre-doamnei-pre,2025-09-01,facebook-post,ROMÂNIA,țară,1,0.943
2025-09-01_astazi-i-am-urat-bun-venit-pe-tarmul-marii-negre-doamnei-pre,2025-09-01,facebook-post,UCRAINA,țară,1,0.654
2025-09-01_ii-multumesc-lui-manfred-weber-pentru-vizita-de-astazi-de-la,2025-09-01,facebook-post,ROMÂNIA,țară,1,0.956
2025-09-02_ieri-la-malul-marii-negre-am-intampinat-o-pe-ursula-von-der,2025-09-02,facebook-post,URSULA VDL,persoană politică,1,0.953
2025-09-02_ieri-la-malul-marii-negre-am-intampinat-o-pe-ursula-von-der,2025-09-02,facebook-post,RUSIA,țară,1,0.925
2025-09-02_ieri-la-malul-marii-negre-am-intampinat-o-pe-ursula-von-der,2025-09-02,facebook-post,ROMÂNIA,țară,1,0.973
2025-09-03_astazi-am-marcat-un-moment-important-pentru-securitatea-ener,2025-09-03,facebook-post,ROMÂNIA,țară,3,0.983
2025-09-03_m-am-bucurat-sa-il-primesc-astazi-la-palatul-cotroceni-pe-pr,2025-09-03,facebook-post,ROMÂNIA,țară,1,0.775
2025-09-03_m-am-bucurat-sa-il-primesc-astazi-la-palatul-cotroceni-pe-pr,2025-09-03,facebook-post,UCRAINA,țară,2,0.825
2025-09-03_m-am-bucurat-sa-il-primesc-astazi-la-palatul-cotroceni-pe-pr,2025-09-03,facebook-post,R. MOLDOVA,țară,1,0.843
2025-09-10_am-avut-astazi-o-intalnire-importanta-cu-reprezentantii-inve,2025-09-10,facebook-post,ROMÂNIA,țară,3,0.976
2025-09-10_am-avut-astazi-o-intalnire-importanta-cu-reprezentantii-inve,2025-09-10,facebook-post,SUA,țară,1,0.901
2025-09-10_am-avut-astazi-o-intalnire-importanta-cu-reprezentantii-inve,2025-09-10,facebook-post,OCDE,instituție internațională,1,0.595
2025-09-15_am-avut-astazi-o-discutie-excelenta-cu-secretarul-general-al,2025-09-15,facebook-post,OCDE,instituție internațională,4,0.948
2025-09-15_am-avut-astazi-o-discutie-excelenta-cu-secretarul-general-al,2025-09-15,facebook-post,ROMÂNIA,țară,3,0.941
2025-09-16_cercetarea-prezentata-azi-de-procurorul-general-reprezinta-o,2025-09-16,facebook-post,RUSIA,țară,1,0.824
2025-09-16_cercetarea-prezentata-azi-de-procurorul-general-reprezinta-o,2025-09-16,facebook-post,ROMÂNIA,țară,1,0.809
2025-09-17_curtea-constitutionala-a-admis-astazi-sesizarea-pe-care-am-f,2025-09-17,facebook-post,CCR,instituție națională,1,0.801
2025-09-17_curtea-constitutionala-a-admis-astazi-sesizarea-pe-care-am-f,2025-09-17,facebook-post,ROMÂNIA,țară,1,0.841
2025-09-24_astazi-am-avut-o-intalnire-foarte-buna-la-palatul-cotroceni,2025-09-24,facebook-post,FRANȚA,țară,1,0.911
2025-09-24_astazi-am-avut-o-intalnire-foarte-buna-la-palatul-cotroceni,2025-09-24,facebook-post,GERMANIA,țară,1,0.9
2025-09-24_astazi-am-avut-o-intalnire-foarte-buna-la-palatul-cotroceni,2025-09-24,facebook-post,ROMÂNIA,țară,1,0.965
2025-09-24_legatura-dintre-romania-si-republica-moldova-nu-este-doar-un,2025-09-24,facebook-post,ROMÂNIA,țară,2,0.89
2025-09-24_legatura-dintre-romania-si-republica-moldova-nu-este-doar-un,2025-09-24,facebook-post,R. MOLDOVA,țară,3,0.969
2025-09-26_sunt-profund-indurerat-de-tragedia-petrecuta-la-spitalul-de,2025-09-26,facebook-post,ROMÂNIA,țară,3,0.972
2025-09-28_dragi-basarabeni-din-romania-astazi-este-o-zi-importanta-pen,2025-09-28,facebook-post,ROMÂNIA,țară,1,0.887
2025-09-28_dragi-basarabeni-din-romania-astazi-este-o-zi-importanta-pen,2025-09-28,facebook-post,R. MOLDOVA,țară,1,0.889
2025-09-29_cu-ocazia-implinirii-a-30-de-ani-de-la-infiintarea-aliantei,2025-09-29,facebook-post,ROMÂNIA,țară,2,0.926
2025-09-29_felicit-cetatenii-republicii-moldova-pentru-mobilizare-si-pe,2025-09-29,facebook-post,R. MOLDOVA,țară,3,0.978
2025-09-29_felicit-cetatenii-republicii-moldova-pentru-mobilizare-si-pe,2025-09-29,facebook-post,MAIA SANDU,persoană politică,1,0.926
2025-09-29_felicit-cetatenii-republicii-moldova-pentru-mobilizare-si-pe,2025-09-29,facebook-post,ROMÂNIA,țară,1,0.858
2025-09-30_am-vizitat-azi-la-timisoara-doua-companii-care-folosesc-inte,2025-09-30,facebook-post,ROMÂNIA,țară,2,0.945
2025-09-30_in-luna-iulie-am-spus-ca-administratia-prezidentiala-va-cont,2025-09-30,facebook-post,ADMINISTRAȚIA PREZIDENȚIALĂ,instituție națională,3,0.896
2025-09-30_marile-orase-europene-sunt-motoarele-dezvoltarii-insa-de-pre,2025-09-30,facebook-post,UE,instituție internațională,2,0.719
2025-09-30_marile-orase-europene-sunt-motoarele-dezvoltarii-insa-de-pre,2025-09-30,facebook-post,ROMÂNIA,țară,1,0.971
2025-10-01_am-trimis-inapoi-parlamentului-o-lege-care-ar-fi-anulat-una,2025-10-01,facebook-post,ROMÂNIA,țară,1,0.942
2025-10-01_astazi-si-maine-sunt-la-copenhaga-pentru-a-participa-la-reun,2025-10-01,facebook-post,UCRAINA,țară,1,0.868
2025-10-02_am-avut-discutie-foarte-productiva-cu-premierul-suediei-ulf,2025-10-02,facebook-post,ROMÂNIA,țară,1,0.923
2025-10-02_am-avut-discutie-foarte-productiva-cu-premierul-suediei-ulf,2025-10-02,facebook-post,RUSIA,țară,1,0.624
2025-10-02_le-am-prezentat-colegilor-europeni-principalele-concluzii-di,2025-10-02,facebook-post,RUSIA,țară,1,0.81
2025-10-02_le-am-prezentat-colegilor-europeni-principalele-concluzii-di,2025-10-02,facebook-post,ROMÂNIA,țară,1,0.586
2025-10-02_le-am-prezentat-colegilor-europeni-principalele-concluzii-di,2025-10-02,facebook-post,FRANȚA,țară,1,0.853
2025-10-02_romania-s-a-alaturat-initiativei-lansate-de-presedintele-emm,2025-10-02,facebook-post,ROMÂNIA,țară,1,0.981
2025-10-02_romania-s-a-alaturat-initiativei-lansate-de-presedintele-emm,2025-10-02,facebook-post,MACRON,persoană politică,1,0.946
2025-10-02_sprijinul-nostru-pentru-republica-moldova-nu-se-opreste-am-d,2025-10-02,facebook-post,R. MOLDOVA,țară,2,0.98
2025-10-02_sprijinul-nostru-pentru-republica-moldova-nu-se-opreste-am-d,2025-10-02,facebook-post,MAIA SANDU,persoană politică,1,0.941
2025-10-02_sprijinul-nostru-pentru-republica-moldova-nu-se-opreste-am-d,2025-10-02,facebook-post,ROMÂNIA,țară,1,0.772
2025-10-09_am-participat-astazi-la-ceremonia-dedicata-comemorarii-victi,2025-10-09,facebook-post,ROMÂNIA,țară,2,0.979
2025-10-13_am-primit-astazi-la-palatul-cotroceni-o-delegatie-condusa-de,2025-10-13,facebook-post,ROMÂNIA,țară,3,0.975
2025-10-13_am-promulgat-astazi-legea-de-aprobare-a-ordonantei-de-urgent,2025-10-13,facebook-post,ROMÂNIA,țară,2,0.984
2025-10-16_am-promulgat-astazi-legea-care-sanctioneaza-coruperea-functi,2025-10-16,facebook-post,OCDE,instituție internațională,3,0.966
2025-10-16_am-promulgat-astazi-legea-care-sanctioneaza-coruperea-functi,2025-10-16,facebook-post,ROMÂNIA,țară,2,0.951
2025-10-17_explozia-produsa-astazi-intr-un-bloc-de-pe-calea-rahovei-din,2025-10-17,facebook-post,ROMÂNIA,țară,1,0.852
2025-10-20_am-avut-astazi-la-palatul-cotroceni-un-dialog-constructiv-cu,2025-10-20,facebook-post,ROMÂNIA,țară,4,0.975
2025-10-20_am-avut-astazi-la-palatul-cotroceni-un-dialog-constructiv-cu,2025-10-20,facebook-post,RUSIA,țară,1,0.575
2025-10-23_am-promulgat-saptamana-aceasta-legea-care-ne-va-permite-sa-f,2025-10-23,facebook-post,GUVERN,instituție națională,1,0.554
2025-10-23_zi-extrem-de-incarcata-la-reuniunea-liderilor-ue-de-la-bruxe,2025-10-23,facebook-post,UE,instituție internațională,1,0.465
2025-10-23_zi-extrem-de-incarcata-la-reuniunea-liderilor-ue-de-la-bruxe,2025-10-23,facebook-post,RUSIA,țară,1,0.727
2025-10-23_zi-extrem-de-incarcata-la-reuniunea-liderilor-ue-de-la-bruxe,2025-10-23,facebook-post,COMISIA EUROPEANĂ,instituție internațională,1,0.766
2025-10-24_165-de-ani-de-traditie-si-excelenta-universitara-la-iasi-ast,2025-10-24,facebook-post,ROMÂNIA,țară,3,0.92
2025-10-24_165-de-ani-de-traditie-si-excelenta-universitara-la-iasi-ast,2025-10-24,facebook-post,R. MOLDOVA,țară,1,0.565
2025-10-24_antibiotice-iasi-un-simbol-al-industriei-farmaceutice-romane,2025-10-24,facebook-post,ROMÂNIA,țară,1,0.946
2025-10-25_astazi-am-onorat-la-brigada-15-mecanizata-podu-inalt-din-ias,2025-10-25,facebook-post,ROMÂNIA,țară,4,0.951
2025-10-25_cea-mai-mica-inima-artificiala-complet-implantabila-cu-aplic,2025-10-25,facebook-post,ROMÂNIA,țară,2,0.947
2025-10-28_am-avut-o-discutie-constructiva-astazi-cu-valdis-dombrovskis,2025-10-28,facebook-post,ROMÂNIA,țară,3,0.968
2025-10-29_prin-redimensionarea-fortei-rotationale-care-opera-si-in-rom,2025-10-29,facebook-post,ROMÂNIA,țară,4,0.98
2025-10-29_prin-redimensionarea-fortei-rotationale-care-opera-si-in-rom,2025-10-29,facebook-post,NATO,țară,1,0.653
2025-10-30_se-implinesc-astazi-10-ani-de-la-tragedia-care-a-schimbat-ro,2025-10-30,facebook-post,ROMÂNIA,țară,3,0.98
2025-11-05_i-am-urat-astazi-bun-venit-in-romania-domnului-mark-rutte-in,2025-11-05,facebook-post,ROMÂNIA,țară,6,0.959
2025-11-05_i-am-urat-astazi-bun-venit-in-romania-domnului-mark-rutte-in,2025-11-05,facebook-post,RUTTE,persoană politică,2,0.923
2025-11-05_i-am-urat-astazi-bun-venit-in-romania-domnului-mark-rutte-in,2025-11-05,facebook-post,NATO,instituție internațională,5,0.948
2025-11-05_multumim-emeric-ienei-pentru-toata-bucuria-pe-care-ne-ai-adu,2025-11-05,facebook-post,ROMÂNIA,țară,2,0.851
2025-11-06_romania-este-mai-aparata-ca-oricand-si-pregatita-sa-si-asume,2025-11-06,facebook-post,ROMÂNIA,țară,2,0.988
2025-11-06_romania-este-mai-aparata-ca-oricand-si-pregatita-sa-si-asume,2025-11-06,facebook-post,NATO,instituție internațională,2,0.729
2025-11-06_romania-este-mai-aparata-ca-oricand-si-pregatita-sa-si-asume,2025-11-06,facebook-post,RUSIA,țară,2,0.907
2025-11-07_competitivitate-si-crestere-economica-acestea-sunt-doua-cuvi,2025-11-07,facebook-post,ROMÂNIA,țară,2,0.952
2025-11-07_in-semn-de-profund-respect-si-consideratie-pentru-memoria-ul,2025-11-07,facebook-post,ROMÂNIA,țară,1,0.932
2025-11-09_astazi-odata-cu-repatrierea-ramasitelor-pamantesti-ale-ultim,2025-11-09,facebook-post,ROMÂNIA,țară,3,0.847
2025-11-09_astazi-odata-cu-repatrierea-ramasitelor-pamantesti-ale-ultim,2025-11-09,facebook-post,R. MOLDOVA,țară,1,0.538
2025-11-10_am-semnat-sesizarea-catre-curtea-constitutionala-in-legatura,2025-11-10,facebook-post,ROMÂNIA,țară,3,0.968
2025-11-10_am-semnat-sesizarea-catre-curtea-constitutionala-in-legatura,2025-11-10,facebook-post,UE,instituție internațională,2,0.859
2025-11-10_romania-are-toate-datele-pentru-a-deveni-un-hub-de-inovatie,2025-11-10,facebook-post,ROMÂNIA,țară,4,0.99
2025-11-10_romania-are-toate-datele-pentru-a-deveni-un-hub-de-inovatie,2025-11-10,facebook-post,GERMANIA,țară,2,0.992
2025-11-11_in-urma-cu-trei-decenii-trecea-la-cele-vesnice-marele-om-pol,2025-11-11,facebook-post,ROMÂNIA,țară,1,0.887
2025-11-12_am-pus-astazi-in-dezbatere-strategia-nationala-de-aparare-ce,2025-11-12,facebook-post,ROMÂNIA,țară,3,0.957
2025-11-12_am-pus-astazi-in-dezbatere-strategia-nationala-de-aparare-ce,2025-11-12,facebook-post,RUSIA,țară,1,0.747
2025-11-13_astazi-s-a-incheiat-la-baza-militara-de-la-cincu-exercitiulu,2025-11-13,facebook-post,ROMÂNIA,țară,3,0.965
2025-11-13_astazi-s-a-incheiat-la-baza-militara-de-la-cincu-exercitiulu,2025-11-13,facebook-post,BULGARIA,țară,1,0.974
2025-11-13_astazi-s-a-incheiat-la-baza-militara-de-la-cincu-exercitiulu,2025-11-13,facebook-post,FRANȚA,țară,2,0.985
2025-11-13_astazi-s-a-incheiat-la-baza-militara-de-la-cincu-exercitiulu,2025-11-13,facebook-post,ITALIA,țară,1,0.977
2025-11-13_astazi-s-a-incheiat-la-baza-militara-de-la-cincu-exercitiulu,2025-11-13,facebook-post,POLONIA,țară,1,0.974
2025-11-13_astazi-s-a-incheiat-la-baza-militara-de-la-cincu-exercitiulu,2025-11-13,facebook-post,RUSIA,țară,1,0.553
2025-11-13_astazi-s-a-incheiat-la-baza-militara-de-la-cincu-exercitiulu,2025-11-13,facebook-post,NATO,instituție internațională,3,0.979
2025-11-13_l-am-primit-astazi-la-palatul-cotroceni-in-prima-sa-vizita-e,2025-11-13,facebook-post,R. MOLDOVA,țară,3,0.942
2025-11-13_l-am-primit-astazi-la-palatul-cotroceni-in-prima-sa-vizita-e,2025-11-13,facebook-post,ROMÂNIA,țară,1,0.932
2025-11-13_l-am-primit-astazi-la-palatul-cotroceni-in-prima-sa-vizita-e,2025-11-13,facebook-post,UE,instituție internațională,1,0.603
2025-11-17_l-am-primit-astazi-la-palatul-cotroceni-pe-enrico-letta-fost,2025-11-17,facebook-post,ITALIA,țară,1,0.937
2025-11-17_l-am-primit-astazi-la-palatul-cotroceni-pe-enrico-letta-fost,2025-11-17,facebook-post,ROMÂNIA,țară,3,0.968
2025-11-17_l-am-primit-astazi-la-palatul-cotroceni-pe-enrico-letta-fost,2025-11-17,facebook-post,CHINA,țară,1,0.512
2025-11-18_am-avut-astazi-o-discutie-cu-fatih-birol-presedintele-agenti,2025-11-18,facebook-post,ROMÂNIA,țară,4,0.962
2025-11-18_am-avut-astazi-o-discutie-cu-fatih-birol-presedintele-agenti,2025-11-18,facebook-post,OCDE,instituție internațională,2,0.718
2025-11-18_ne-a-parasit-dumitru-lupescu-era-presedinte-de-asociatie-de,2025-11-18,facebook-post,USR,partid politic,1,0.97
2025-11-18_ne-a-parasit-dumitru-lupescu-era-presedinte-de-asociatie-de,2025-11-18,facebook-post,ROMÂNIA,țară,1,0.574
2025-11-19_am-sesizat-curtea-constitutionala-in-legatura-cu-legea-de-ap,2025-11-19,facebook-post,CCR,instituție națională,1,0.662
2025-11-20_romania-a-facut-inca-un-pas-decisiv-spre-aderarea-la-ocde-am,2025-11-20,facebook-post,ROMÂNIA,țară,3,0.975
2025-11-20_romania-a-facut-inca-un-pas-decisiv-spre-aderarea-la-ocde-am,2025-11-20,facebook-post,OCDE,instituție internațională,5,0.925
2025-11-21_am-avut-astazi-la-palatul-cotroceni-o-discutie-importanta-cu,2025-11-21,facebook-post,ROMÂNIA,țară,2,0.932
2025-11-21_romania-are-in-acest-moment-maturitatea-si-expertiza-pentru,2025-11-21,facebook-post,ROMÂNIA,țară,2,0.988
2025-11-21_romania-are-in-acest-moment-maturitatea-si-expertiza-pentru,2025-11-21,facebook-post,R. MOLDOVA,țară,1,0.648
2025-11-21_romania-are-in-acest-moment-maturitatea-si-expertiza-pentru,2025-11-21,facebook-post,UCRAINA,țară,1,0.71
2025-11-25_a-fost-o-onoare-sa-gazduiesc-astazi-la-palatul-cotroceni-sum,2025-11-25,facebook-post,ROMÂNIA,țară,2,0.968
2025-11-26_parlamentul-romaniei-a-votat-astazi-strategia-nationala-de-a,2025-11-26,facebook-post,ROMÂNIA,țară,1,0.596
2025-12-01_cu-prilejul-zilei-nationale-a-romaniei-l-am-decorat-pe-veter,2025-12-01,facebook-post,ROMÂNIA,țară,4,0.941
2025-12-01_ziua-nationala-este-inainte-de-toate-o-sarbatoare-a-oamenilo,2025-12-01,facebook-post,ROMÂNIA,țară,2,0.979
2025-12-02_am-promulgat-recent-legea-pentru-modificarea-statutului-depu,2025-12-02,facebook-post,OCDE,instituție internațională,2,0.965
2025-12-02_am-promulgat-recent-legea-pentru-modificarea-statutului-depu,2025-12-02,facebook-post,ROMÂNIA,țară,2,0.952
2025-12-02_am-promulgat-recent-legea-pentru-modificarea-statutului-depu,2025-12-02,facebook-post,CCR,instituție națională,1,0.548
2025-12-03_astazi-am-avut-o-discutie-substantiala-cu-ambasadorii-statel,2025-12-03,facebook-post,ROMÂNIA,țară,3,0.95
2025-12-04_am-avut-astazi-onoarea-sa-l-felicit-pe-domnul-victor-rebengi,2025-12-04,facebook-post,ROMÂNIA,țară,3,0.963
2025-12-04_am-transmis-parlamentului-cererea-de-reexaminare-a-legii-car,2025-12-04,facebook-post,STATUL ROMÂN,instituție națională,1,0.509
2025-12-04_am-transmis-parlamentului-cererea-de-reexaminare-a-legii-car,2025-12-04,facebook-post,ROMÂNIA,țară,1,0.95
2025-12-08_felicitari-si-succes-alesilor-locali-confirmati-prin-votul-d,2025-12-08,facebook-post,CIUCU,persoană politică,1,0.859
2025-12-09_a-fost-o-reala-placere-sa-il-intalnesc-pe-presedintele-repub,2025-12-09,facebook-post,MACRON,persoană politică,1,0.966
2025-12-09_a-fost-o-reala-placere-sa-il-intalnesc-pe-presedintele-repub,2025-12-09,facebook-post,ROMÂNIA,țară,3,0.962
2025-12-09_a-fost-o-reala-placere-sa-il-intalnesc-pe-presedintele-repub,2025-12-09,facebook-post,FRANȚA,țară,4,0.972
2025-12-09_am-avut-in-franta-o-intalnire-cu-reprezentantii-companiilor,2025-12-09,facebook-post,FRANȚA,țară,2,0.975
2025-12-09_am-avut-in-franta-o-intalnire-cu-reprezentantii-companiilor,2025-12-09,facebook-post,ROMÂNIA,țară,4,0.976
2025-12-09_am-avut-o-excelenta-intrevedere-cu-primarul-parisului-anne-h,2025-12-09,facebook-post,FRANȚA,țară,2,0.91
2025-12-09_am-avut-o-excelenta-intrevedere-cu-primarul-parisului-anne-h,2025-12-09,facebook-post,RUSIA,țară,1,0.683
2025-12-15_plec-la-summitul-de-la-helsinki-dar-iau-cu-mine-ingrijoraril,2025-12-15,facebook-post,ROMÂNIA,țară,1,0.972
2025-12-16_actiunile-rusiei-reprezinta-o-amenintare-majora-pentru-regiu,2025-12-16,facebook-post,RUSIA,țară,1,0.689
2025-12-16_actiunile-rusiei-reprezinta-o-amenintare-majora-pentru-regiu,2025-12-16,facebook-post,UE,instituție internațională,2,0.648
2025-12-16_actiunile-rusiei-reprezinta-o-amenintare-majora-pentru-regiu,2025-12-16,facebook-post,NATO,instituție internațională,2,0.782
2025-12-16_actiunile-rusiei-reprezinta-o-amenintare-majora-pentru-regiu,2025-12-16,facebook-post,ROMÂNIA,țară,1,0.93
2025-12-16_actiunile-rusiei-reprezinta-o-amenintare-majora-pentru-regiu,2025-12-16,facebook-post,UCRAINA,țară,1,0.72
2025-12-16_actiunile-rusiei-reprezinta-o-amenintare-majora-pentru-regiu,2025-12-16,facebook-post,R. MOLDOVA,țară,2,0.945
2025-12-16_am-trimis-curtii-constitutionale-o-sesizare-de-neconstitutio,2025-12-16,facebook-post,ROMÂNIA,țară,2,0.94
2025-12-16_am-trimis-curtii-constitutionale-o-sesizare-de-neconstitutio,2025-12-16,facebook-post,UE,instituție internațională,1,0.533
2025-12-16_foarte-utile-si-aplicate-discutiile-pe-care-le-am-purtat-cu,2025-12-16,facebook-post,UE,instituție internațională,1,0.595
2025-12-16_foarte-utile-si-aplicate-discutiile-pe-care-le-am-purtat-cu,2025-12-16,facebook-post,ROMÂNIA,țară,1,0.625
2025-12-17_la-londra-intr-unul-dintre-cele-mai-competitive-ecosisteme-e,2025-12-17,facebook-post,UK,țară,2,0.977
2025-12-17_la-londra-intr-unul-dintre-cele-mai-competitive-ecosisteme-e,2025-12-17,facebook-post,ROMÂNIA,țară,3,0.934
2025-12-17_o-intalnire-extraordinar-de-buna-si-calda-cu-comunitatea-de,2025-12-17,facebook-post,ROMÂNIA,țară,1,0.647
2025-12-18_a-inceput-ultima-reuniune-a-consiliului-european-din-acest-a,2025-12-18,facebook-post,UE,instituție internațională,1,0.452
2025-12-18_a-inceput-ultima-reuniune-a-consiliului-european-din-acest-a,2025-12-18,facebook-post,ROMÂNIA,țară,1,0.97
2025-12-18_dialog-cu-antreprenorii-romani-si-britanici-intalniri-cu-oam,2025-12-18,facebook-post,ROMÂNIA,țară,1,0.952
2025-12-19_am-incheiat-turneul-european-cu-ultimul-consiliu-din-acest-a,2025-12-19,facebook-post,ROMÂNIA,țară,1,0.889
2025-12-19_am-incheiat-turneul-european-cu-ultimul-consiliu-din-acest-a,2025-12-19,facebook-post,UCRAINA,țară,1,0.806
2025-12-20_curtea-constitutionala-a-decis-recent-o-schimbare-esentiala,2025-12-20,facebook-post,CCR,instituție națională,3,0.941
2025-12-20_curtea-constitutionala-a-decis-recent-o-schimbare-esentiala,2025-12-20,facebook-post,ROMÂNIA,țară,1,0.595
2025-12-21_libertate-acesta-a-fost-strigatul-limpede-al-natiunii-romane,2025-12-21,facebook-post,ROMÂNIA,țară,4,0.953
2025-12-21_voi-initia-in-ianuarie-imediat-dupa-sarbatori-un-referendum,2025-12-21,facebook-post,CSM,instituție națională,2,0.583
2025-12-26_in-cadrul-vizitelor-externe-din-ultimele-saptamani-am-avut-b,2025-12-26,facebook-post,ROMÂNIA,țară,3,0.958
2025-12-26_o-intalnire-speciala-la-paris-cu-un-regizor-si-scenarist-de,2025-12-26,facebook-post,ROMÂNIA,țară,1,0.973
2025-12-27_l-am-revazut-cu-mare-emotie-la-paris-pe-profesorul-emerit-la,2025-12-27,facebook-post,FRANȚA,țară,1,0.914
2025-12-27_pe-fiul-marelui-ion-ratiu-nicolae-ratiu-l-am-revazut-la-lond,2025-12-27,facebook-post,UK,țară,1,0.953
2025-12-28_a-fost-o-veritabila-placere-sa-il-revad-la-londra-pe-sir-geo,2025-12-28,facebook-post,UK,țară,1,0.956
2026-01-01_2025-a-fost-un-an-al-provocarilor-dar-si-al-curajului-de-a-n,2026-01-01,facebook-post,ROMÂNIA,țară,1,0.945
2026-01-04_am-sperat-pana-in-ultima-clipa-intr-un-deznodamant-diferit-i,2026-01-04,facebook-post,ROMÂNIA,țară,1,0.963
2026-01-08_puteti-asculta-inregistrarea-convorbirii-dintre-pilotul-roma,2026-01-08,facebook-post,ROMÂNIA,țară,1,0.589
2026-01-09_romania-a-votat-in-favoarea-acordului-comercial-dintre-uniun,2026-01-09,facebook-post,ROMÂNIA,țară,8,0.982
2026-01-09_romania-a-votat-in-favoarea-acordului-comercial-dintre-uniun,2026-01-09,facebook-post,UE,instituție internațională,5,0.794
2026-01-09_romania-a-votat-in-favoarea-acordului-comercial-dintre-uniun,2026-01-09,facebook-post,COMISIA EUROPEANĂ,instituție internațională,1,0.727
2026-01-13_parteneriatul-strategic-dintre-romania-si-statele-unite-ale,2026-01-13,facebook-post,ROMÂNIA,țară,3,0.975
2026-01-13_parteneriatul-strategic-dintre-romania-si-statele-unite-ale,2026-01-13,facebook-post,SUA,țară,2,0.942
2026-01-15_reuniunea-anuala-cu-sefii-misiunilor-diplomatice-acreditati,2026-01-15,facebook-post,ROMÂNIA,țară,8,0.983
2026-01-15_reuniunea-anuala-cu-sefii-misiunilor-diplomatice-acreditati,2026-01-15,facebook-post,SUA,țară,3,0.862
2026-01-15_reuniunea-anuala-cu-sefii-misiunilor-diplomatice-acreditati,2026-01-15,facebook-post,UE,instituție internațională,2,0.707
2026-01-15_reuniunea-anuala-cu-sefii-misiunilor-diplomatice-acreditati,2026-01-15,facebook-post,R. MOLDOVA,țară,1,0.693
2026-01-15_reuniunea-anuala-cu-sefii-misiunilor-diplomatice-acreditati,2026-01-15,facebook-post,TRUMP,persoană politică,1,0.955
2026-01-15_reuniunea-anuala-cu-sefii-misiunilor-diplomatice-acreditati,2026-01-15,facebook-post,OCDE,instituție internațională,2,0.869
2026-01-15_ziua-culturii-nationale-ne-reaminteste-ca-identitatea-romani,2026-01-15,facebook-post,ROMÂNIA,țară,1,0.946
2026-01-15_ziua-culturii-nationale-ne-reaminteste-ca-identitatea-romani,2026-01-15,facebook-post,ADMINISTRAȚIA PREZIDENȚIALĂ,instituție națională,1,0.836
2026-01-16_decizia-comisiei-europene-de-a-aproba-aplicatia-romaniei-pen,2026-01-16,facebook-post,ROMÂNIA,țară,3,0.952
2026-01-16_decizia-comisiei-europene-de-a-aproba-aplicatia-romaniei-pen,2026-01-16,facebook-post,UE,instituție internațională,1,0.458
2026-01-19_l-am-primit-astazi-la-palatul-cotroceni-pe-generalul-alexus,2026-01-19,facebook-post,ROMÂNIA,țară,6,0.962
2026-01-19_l-am-primit-astazi-la-palatul-cotroceni-pe-generalul-alexus,2026-01-19,facebook-post,SUA,țară,1,0.852
2026-01-19_l-am-primit-astazi-la-palatul-cotroceni-pe-generalul-alexus,2026-01-19,facebook-post,NATO,instituție internațională,1,0.73
2026-01-23_relatia-transatlantica-are-o-istorie-care-a-adus-stabilitate,2026-01-23,facebook-post,ROMÂNIA,țară,2,0.915
2026-01-23_relatia-transatlantica-are-o-istorie-care-a-adus-stabilitate,2026-01-23,facebook-post,SUA,țară,2,0.958
2026-01-23_relatia-transatlantica-are-o-istorie-care-a-adus-stabilitate,2026-01-23,facebook-post,UCRAINA,țară,1,0.906
2026-01-23_relatia-transatlantica-are-o-istorie-care-a-adus-stabilitate,2026-01-23,facebook-post,TRUMP,persoană politică,1,0.923
2026-01-23_relatia-transatlantica-are-o-istorie-care-a-adus-stabilitate,2026-01-23,facebook-post,UE,instituție internațională,1,0.654
2026-01-24_am-ales-sa-fiu-astazi-atat-la-iasi-cat-si-la-focsani-pentru,2026-01-24,facebook-post,ROMÂNIA,țară,6,0.987
2026-01-24_la-implinirea-a-160-de-ani-de-la-infiintare-am-acordat-coleg,2026-01-24,facebook-post,ROMÂNIA,țară,1,0.956
2026-01-24_traim-momente-complicate-dar-intr-o-zi-de-sarbatoare-cred-ca,2026-01-24,facebook-post,ROMÂNIA,țară,2,0.969
2026-01-26_ziua-internationala-de-comemorare-a-victimelor-holocaustului,2026-01-26,facebook-post,ROMÂNIA,țară,1,0.974
2026-02-04_am-avut-astazi-o-convorbire-consistenta-cu-antonio-costa-pre,2026-02-04,facebook-post,ROMÂNIA,țară,3,0.967
2026-02-04_am-avut-astazi-o-convorbire-consistenta-cu-antonio-costa-pre,2026-02-04,facebook-post,UE,instituție internațională,2,0.559
2026-02-04_romania-nu-este-subiectul-raportului-preliminar-al-comitetul,2026-02-04,facebook-post,ROMÂNIA,țară,5,0.983
2026-02-04_romania-nu-este-subiectul-raportului-preliminar-al-comitetul,2026-02-04,facebook-post,NATO,țară,1,0.846
2026-02-04_romania-nu-este-subiectul-raportului-preliminar-al-comitetul,2026-02-04,facebook-post,UE,instituție internațională,1,0.618
2026-02-05_exercitiile-militare-desfasurate-in-ultimele-zile-la-smardan,2026-02-05,facebook-post,ROMÂNIA,țară,1,0.885
2026-02-05_exercitiile-militare-desfasurate-in-ultimele-zile-la-smardan,2026-02-05,facebook-post,SUA,țară,1,0.843
2026-02-05_exercitiile-militare-desfasurate-in-ultimele-zile-la-smardan,2026-02-05,facebook-post,NATO,instituție internațională,2,0.83
2026-02-08_am-primit-invitatia-de-a-participa-la-prima-reuniune-a-consi,2026-02-08,facebook-post,ROMÂNIA,țară,4,0.979
2026-02-08_am-primit-invitatia-de-a-participa-la-prima-reuniune-a-consi,2026-02-08,facebook-post,SUA,țară,1,0.658
2026-02-11_am-avut-ieri-o-discutie-cu-liderii-marilor-companii-american,2026-02-11,facebook-post,ROMÂNIA,țară,3,0.979
2026-02-12_o-importanta-dezbatere-la-care-particip-astazi-in-belgia-ala,2026-02-12,facebook-post,UE,instituție internațională,1,0.587
2026-02-12_o-importanta-dezbatere-la-care-particip-astazi-in-belgia-ala,2026-02-12,facebook-post,SUA,țară,2,0.682
2026-02-12_o-importanta-dezbatere-la-care-particip-astazi-in-belgia-ala,2026-02-12,facebook-post,ROMÂNIA,țară,2,0.925
2026-02-13_va-invit-sa-privim-cu-echilibru-datele-publicate-azi-de-ins,2026-02-13,facebook-post,ROMÂNIA,țară,3,0.984
2026-02-15_voi-participa-s-pt-mana-viitoare-la-prima-reuniune-a-consili,2026-02-15,facebook-post,TRUMP,persoană politică,1,0.95
2026-02-15_voi-participa-s-pt-mana-viitoare-la-prima-reuniune-a-consili,2026-02-15,facebook-post,ROMÂNIA,țară,2,0.975
2026-02-15_voi-participa-s-pt-mana-viitoare-la-prima-reuniune-a-consili,2026-02-15,facebook-post,SUA,țară,1,0.93
2026-02-19_am-avut-o-interventie-astazi-la-washington-in-cadrul-reuniun,2026-02-19,facebook-post,TRUMP,persoană politică,1,0.947
2026-02-19_am-avut-o-interventie-astazi-la-washington-in-cadrul-reuniun,2026-02-19,facebook-post,ROMÂNIA,țară,3,0.969
2026-02-19_am-avut-o-interventie-astazi-la-washington-in-cadrul-reuniun,2026-02-19,facebook-post,SUA,țară,2,0.864
2026-02-19_am-avut-o-interventie-astazi-la-washington-in-cadrul-reuniun,2026-02-19,facebook-post,UE,instituție internațională,1,0.735
2026-02-20_pacea-si-securitatea-sunt-temelia-unei-tari-prospere-pentru,2026-02-20,facebook-post,SUA,țară,2,0.91
2026-02-20_pacea-si-securitatea-sunt-temelia-unei-tari-prospere-pentru,2026-02-20,facebook-post,ROMÂNIA,țară,2,0.975
2026-02-20_pacea-si-securitatea-sunt-temelia-unei-tari-prospere-pentru,2026-02-20,facebook-post,UE,instituție internațională,1,0.547
2026-02-24_am-avut-o-discutie-aplicat-cu-premierul-ilie-bolojan-inainte,2026-02-24,facebook-post,BOLOJAN,persoană politică,1,0.924
2026-02-24_am-avut-o-discutie-aplicat-cu-premierul-ilie-bolojan-inainte,2026-02-24,facebook-post,RUSIA,țară,1,0.957
2026-02-24_am-avut-o-discutie-aplicat-cu-premierul-ilie-bolojan-inainte,2026-02-24,facebook-post,UCRAINA,țară,1,0.965
2026-02-24_am-avut-o-discutie-aplicat-cu-premierul-ilie-bolojan-inainte,2026-02-24,facebook-post,ROMÂNIA,țară,2,0.993
2026-02-24_am-avut-o-discutie-aplicat-cu-premierul-ilie-bolojan-inainte,2026-02-24,facebook-post,R. MOLDOVA,țară,1,0.784
2026-02-24_in-urma-cu-patru-ani-unul-dintre-cele-mai-teribile-scenarii,2026-02-24,facebook-post,RUSIA,țară,2,0.925
2026-02-24_in-urma-cu-patru-ani-unul-dintre-cele-mai-teribile-scenarii,2026-02-24,facebook-post,UCRAINA,țară,5,0.98
2026-02-24_in-urma-cu-patru-ani-unul-dintre-cele-mai-teribile-scenarii,2026-02-24,facebook-post,ROMÂNIA,țară,1,0.834
2026-02-24_in-urma-cu-patru-ani-unul-dintre-cele-mai-teribile-scenarii,2026-02-24,facebook-post,UE,instituție internațională,1,0.508
2026-02-27_referitor-la-informatia-privind-plangerea-penala-a-aep-in-le,2026-02-27,facebook-post,GEORGESCU,persoană politică,1,0.766
2026-03-01_romania-este-in-deplina-siguranta-si-nu-se-afla-sub-niciun-f,2026-03-01,facebook-post,ROMÂNIA,țară,2,0.988
2026-03-03_m-am-bucurat-sa-l-primesc-astazi-la-palatul-cotroceni-pe-dar,2026-03-03,facebook-post,ROMÂNIA,țară,1,0.89
2026-03-05_am-avut-astazi-un-dialog-substantial-cu-premierul-polonez-do,2026-03-05,facebook-post,ROMÂNIA,țară,1,0.914
2026-03-05_am-avut-astazi-un-dialog-substantial-cu-premierul-polonez-do,2026-03-05,facebook-post,POLONIA,țară,1,0.928
2026-03-05_am-avut-astazi-un-dialog-substantial-cu-premierul-polonez-do,2026-03-05,facebook-post,UCRAINA,țară,1,0.841
2026-03-05_am-avut-astazi-un-dialog-substantial-cu-premierul-polonez-do,2026-03-05,facebook-post,R. MOLDOVA,țară,1,0.923
2026-03-05_am-raspuns-cu-placere-invitatiei-presedintelui-karol-nawrock,2026-03-05,facebook-post,POLONIA,țară,5,0.989
2026-03-05_am-raspuns-cu-placere-invitatiei-presedintelui-karol-nawrock,2026-03-05,facebook-post,ROMÂNIA,țară,3,0.97
2026-03-05_am-raspuns-cu-placere-invitatiei-presedintelui-karol-nawrock,2026-03-05,facebook-post,NATO,instituție internațională,2,0.965
2026-03-05_am-raspuns-cu-placere-invitatiei-presedintelui-karol-nawrock,2026-03-05,facebook-post,UE,instituție internațională,1,0.927
2026-03-06_pe-5-martie-cu-ocazia-zilei-solidaritatii-romano-polone-sarb,2026-03-06,facebook-post,POLONIA,țară,2,0.992
2026-03-06_pe-5-martie-cu-ocazia-zilei-solidaritatii-romano-polone-sarb,2026-03-06,facebook-post,ROMÂNIA,țară,1,0.969
2026-03-08_la-multi-ani-tuturor-doamnelor-si-domnisoarelor-de-ziua-inte,2026-03-08,facebook-post,ROMÂNIA,țară,1,0.96
2026-03-09_am-avut-astazi-o-convorbire-cu-antonio-costa-presedintele-co,2026-03-09,facebook-post,ROMÂNIA,țară,3,0.935
2026-03-09_am-avut-astazi-o-convorbire-cu-antonio-costa-presedintele-co,2026-03-09,facebook-post,UE,instituție internațională,1,0.456
2026-03-10_am-avut-in-aceasta-seara-un-dialog-aplicat-cu-liderii-europe,2026-03-10,facebook-post,UE,instituție internațională,1,0.708
2026-03-11_am-convocat-astazi-sedinta-csat-pentru-analiza-evolutiei-sit,2026-03-11,facebook-post,ROMÂNIA,țară,6,0.988
2026-03-11_am-convocat-astazi-sedinta-csat-pentru-analiza-evolutiei-sit,2026-03-11,facebook-post,SUA,țară,2,0.932
2026-03-12_am-semnat-astazi-cu-presedintele-zelenski-doua-documente-ofi,2026-03-12,facebook-post,ZELENSKI,persoană politică,1,0.628
2026-03-12_am-semnat-astazi-cu-presedintele-zelenski-doua-documente-ofi,2026-03-12,facebook-post,ROMÂNIA,țară,4,0.989
2026-03-12_am-semnat-astazi-cu-presedintele-zelenski-doua-documente-ofi,2026-03-12,facebook-post,UCRAINA,țară,2,0.967
2026-03-12_i-am-urat-bun-venit-la-bucuresti-presedintelui-volodimir-zel,2026-03-12,facebook-post,ROMÂNIA,țară,5,0.988
2026-03-12_i-am-urat-bun-venit-la-bucuresti-presedintelui-volodimir-zel,2026-03-12,facebook-post,UCRAINA,țară,6,0.98
2026-03-12_i-am-urat-bun-venit-la-bucuresti-presedintelui-volodimir-zel,2026-03-12,facebook-post,UE,instituție internațională,2,0.902
2026-03-12_i-am-urat-bun-venit-la-bucuresti-presedintelui-volodimir-zel,2026-03-12,facebook-post,NATO,instituție internațională,1,0.724
2026-03-16_aderarea-romaniei-in-2026-la-organizatia-pentru-cooperare-si,2026-03-16,facebook-post,ROMÂNIA,țară,3,0.934
2026-03-16_aderarea-romaniei-in-2026-la-organizatia-pentru-cooperare-si,2026-03-16,facebook-post,OCDE,instituție internațională,3,0.898
2026-03-16_astazi-am-discutat-cu-alfred-stern-presedintele-consiliului,2026-03-16,facebook-post,ROMÂNIA,țară,4,0.955
2026-03-17_donarea-de-sange-salveaza-vieti-impreuna-prin-gesturi-simple,2026-03-17,facebook-post,ADMINISTRAȚIA PREZIDENȚIALĂ,instituție națională,1,0.747
2026-03-19_romania-este-aparata-este-parte-din-nato-are-un-parteneriat,2026-03-19,facebook-post,ROMÂNIA,țară,4,0.952
2026-03-19_romania-este-aparata-este-parte-din-nato-are-un-parteneriat,2026-03-19,facebook-post,NATO,instituție internațională,4,0.777
2026-03-19_romania-este-aparata-este-parte-din-nato-are-un-parteneriat,2026-03-19,facebook-post,SUA,țară,1,0.823
2026-03-19_romania-este-aparata-este-parte-din-nato-are-un-parteneriat,2026-03-19,facebook-post,RUTTE,persoană politică,3,0.861
2026-03-19_romania-este-aparata-este-parte-din-nato-are-un-parteneriat,2026-03-19,facebook-post,UCRAINA,țară,1,0.551
2026-03-20_am-decis-sa-ne-alaturam-declaratiei-regatului-unit-frantei-g,2026-03-20,facebook-post,FRANȚA,țară,1,0.941
2026-03-20_am-decis-sa-ne-alaturam-declaratiei-regatului-unit-frantei-g,2026-03-20,facebook-post,GERMANIA,țară,1,0.95
2026-03-20_am-decis-sa-ne-alaturam-declaratiei-regatului-unit-frantei-g,2026-03-20,facebook-post,ITALIA,țară,1,0.947
2026-03-20_am-decis-sa-ne-alaturam-declaratiei-regatului-unit-frantei-g,2026-03-20,facebook-post,ROMÂNIA,țară,2,0.964
2026-03-20_o-onoare-si-o-bucurie-sa-ma-intalnesc-astazi-la-bruxelles-cu,2026-03-20,facebook-post,ROMÂNIA,țară,1,0.962
2026-03-21_cea-mai-mare-expozitie-din-europa-dedicata-lui-constantin-br,2026-03-21,facebook-post,GERMANIA,țară,2,0.689
2026-03-21_cea-mai-mare-expozitie-din-europa-dedicata-lui-constantin-br,2026-03-21,facebook-post,MACRON,persoană politică,1,0.906
2026-03-21_cea-mai-mare-expozitie-din-europa-dedicata-lui-constantin-br,2026-03-21,facebook-post,ROMÂNIA,țară,5,0.931
2026-03-23_francofonia-si-valorile-pe-care-le-promoveaza-fac-parte-din,2026-03-23,facebook-post,ROMÂNIA,țară,2,0.875
2026-03-26_razboiul-informational-afecteaza-si-profesia-medicala-este-u,2026-03-26,facebook-post,ROMÂNIA,țară,3,0.924
2026-03-26_razboiul-informational-afecteaza-si-profesia-medicala-este-u,2026-03-26,facebook-post,RUSIA,țară,1,0.847
2026-03-27_m-am-intalnit-astazi-la-palatul-cotroceni-cu-numan-kurtulmus,2026-03-27,facebook-post,ROMÂNIA,țară,3,0.968
2026-03-30_proiectul-european-trebuie-sa-se-concentreze-inainte-de-toat,2026-03-30,facebook-post,ROMÂNIA,țară,1,0.953
2026-03-31_aderarea-romaniei-la-uniunea-europeana-a-fost-o-poveste-de-m,2026-03-31,facebook-post,ROMÂNIA,țară,7,0.985
2026-03-31_aderarea-romaniei-la-uniunea-europeana-a-fost-o-poveste-de-m,2026-03-31,facebook-post,UE,instituție internațională,2,0.609
2026-03-31_aderarea-romaniei-la-uniunea-europeana-a-fost-o-poveste-de-m,2026-03-31,facebook-post,OCDE,instituție internațională,1,0.782
2026-03-31_aderarea-romaniei-la-uniunea-europeana-a-fost-o-poveste-de-m,2026-03-31,facebook-post,R. MOLDOVA,țară,1,0.931
2026-03-31_discutia-aplicata-pe-care-am-avut-o-astazi-cu-prim-ministrul,2026-03-31,facebook-post,R. MOLDOVA,țară,4,0.961
2026-03-31_discutia-aplicata-pe-care-am-avut-o-astazi-cu-prim-ministrul,2026-03-31,facebook-post,ROMÂNIA,țară,2,0.847
2026-03-31_discutia-aplicata-pe-care-am-avut-o-astazi-cu-prim-ministrul,2026-03-31,facebook-post,UE,instituție internațională,2,0.783
2026-03-31_transportul-si-asigurarea-unor-rute-sigure-pentru-marfuri-ca,2026-03-31,facebook-post,ROMÂNIA,țară,3,0.977
2026-03-31_transportul-si-asigurarea-unor-rute-sigure-pentru-marfuri-ca,2026-03-31,facebook-post,UCRAINA,țară,3,0.958
2026-03-31_transportul-si-asigurarea-unor-rute-sigure-pentru-marfuri-ca,2026-03-31,facebook-post,R. MOLDOVA,țară,2,0.976
2026-04-07_de-ziua-mondiala-a-sanatatii-transmit-un-gand-de-recunostint,2026-04-07,facebook-post,ROMÂNIA,țară,3,0.945
2026-04-07_de-ziua-mondiala-a-sanatatii-transmit-un-gand-de-recunostint,2026-04-07,facebook-post,RUSIA,țară,1,0.889
2026-04-08_fbi-impreuna-cu-mai-multi-parteneri-printre-care-sri-a-anunt,2026-04-08,facebook-post,RUSIA,țară,1,0.934
2026-04-08_fbi-impreuna-cu-mai-multi-parteneri-printre-care-sri-a-anunt,2026-04-08,facebook-post,ROMÂNIA,țară,1,0.917
2026-04-20_am-trecut-astazi-in-revista-impreuna-cu-ministrul-dragos-pas,2026-04-20,facebook-post,ROMÂNIA,țară,1,0.956
2026-04-22_am-avut-azi-consultari-cu-partidele-pro-occidentale-din-actu,2026-04-22,facebook-post,ROMÂNIA,țară,2,0.942
2026-04-22_am-avut-azi-consultari-cu-partidele-pro-occidentale-din-actu,2026-04-22,facebook-post,OCDE,instituție internațională,1,0.59
2026-04-23_particip-in-aceste-zile-in-cipru-la-reuniunea-informala-a-co,2026-04-23,facebook-post,ROMÂNIA,țară,2,0.97
2026-04-23_particip-in-aceste-zile-in-cipru-la-reuniunea-informala-a-co,2026-04-23,facebook-post,UE,instituție internațională,1,0.627
2026-04-24_subiectul-cel-mai-important-pentru-romania-pe-care-l-am-abor,2026-04-24,facebook-post,ROMÂNIA,țară,3,0.981
2026-04-25_am-semnat-asear-demisiile-ministrilor-social-democrati-si-pr,2026-04-25,facebook-post,ROMÂNIA,țară,1,0.878
2026-04-28_astazi-la-dubrovnik-in-marja-summitului-initiativei-celor-tr,2026-04-28,facebook-post,ROMÂNIA,țară,2,0.967
2026-04-28_in-marja-summitului-initiativei-celor-trei-mari-de-la-dubrov,2026-04-28,facebook-post,ROMÂNIA,țară,1,0.574
2026-04-28_romania-a-participat-activ-si-cu-succes-la-efortul-transatla,2026-04-28,facebook-post,ROMÂNIA,țară,3,0.978
2026-04-28_romania-a-participat-activ-si-cu-succes-la-efortul-transatla,2026-04-28,facebook-post,RUSIA,țară,1,0.675
2026-04-28_romania-a-participat-activ-si-cu-succes-la-efortul-transatla,2026-04-28,facebook-post,POLONIA,țară,1,0.892
2026-04-28_romania-a-participat-activ-si-cu-succes-la-efortul-transatla,2026-04-28,facebook-post,UNGARIA,țară,1,0.934
2026-04-28_romania-a-participat-activ-si-cu-succes-la-efortul-transatla,2026-04-28,facebook-post,R. MOLDOVA,țară,2,0.903
2026-04-29_am-participat-astazi-la-sesiunea-speciala-a-forumului-de-afa,2026-04-29,facebook-post,UE,instituție internațională,1,0.606
2026-04-29_am-participat-astazi-la-sesiunea-speciala-a-forumului-de-afa,2026-04-29,facebook-post,ROMÂNIA,țară,1,0.96
2026-05-03_felicitari-elevilor-romani-din-lotul-national-de-robotica-ca,2026-05-03,facebook-post,SUA,țară,1,0.767
2026-05-03_felicitari-elevilor-romani-din-lotul-national-de-robotica-ca,2026-05-03,facebook-post,ROMÂNIA,țară,1,0.865
2026-05-03_in-drum-spre-armenia-unde-voi-participa-alaturi-de-doamna-pr,2026-05-03,facebook-post,MAIA SANDU,persoană politică,1,0.957
2026-05-03_in-drum-spre-armenia-unde-voi-participa-alaturi-de-doamna-pr,2026-05-03,facebook-post,R. MOLDOVA,țară,2,0.901
2026-05-03_in-drum-spre-armenia-unde-voi-participa-alaturi-de-doamna-pr,2026-05-03,facebook-post,ROMÂNIA,țară,1,0.726
2026-05-03_in-drum-spre-armenia-unde-voi-participa-alaturi-de-doamna-pr,2026-05-03,facebook-post,FRANȚA,țară,1,0.718
2026-05-04_am-avut-placerea-de-a-ma-intalni-cu-principele-albert-al-ii,2026-05-04,facebook-post,ROMÂNIA,țară,1,0.947
2026-05-04_am-organizat-astazi-in-marja-reuniunii-comunitatii-politice,2026-05-04,facebook-post,BULGARIA,țară,1,0.978
2026-05-04_am-organizat-astazi-in-marja-reuniunii-comunitatii-politice,2026-05-04,facebook-post,R. MOLDOVA,țară,1,0.962
2026-05-04_am-organizat-astazi-in-marja-reuniunii-comunitatii-politice,2026-05-04,facebook-post,UCRAINA,țară,1,0.985
2026-05-04_am-organizat-astazi-in-marja-reuniunii-comunitatii-politice,2026-05-04,facebook-post,ROMÂNIA,țară,1,0.96
2026-05-12_abordarea-strategica-a-romaniei-in-ceea-ce-priveste-politica,2026-05-12,facebook-post,ROMÂNIA,țară,5,0.943
2026-05-12_abordarea-strategica-a-romaniei-in-ceea-ce-priveste-politica,2026-05-12,facebook-post,UE,instituție internațională,2,0.958
2026-05-12_abordarea-strategica-a-romaniei-in-ceea-ce-priveste-politica,2026-05-12,facebook-post,NATO,instituție internațională,5,0.946
2026-05-12_am-avut-o-discutie-substantiala-cu-presedintele-poloniei-kar,2026-05-12,facebook-post,POLONIA,țară,5,0.986
2026-05-12_am-avut-o-discutie-substantiala-cu-presedintele-poloniei-kar,2026-05-12,facebook-post,ROMÂNIA,țară,3,0.905
2026-05-12_am-avut-o-discutie-substantiala-cu-presedintele-poloniei-kar,2026-05-12,facebook-post,NATO,instituție internațională,1,0.519
2026-05-12_am-avut-o-discutie-substantiala-cu-presedintele-poloniei-kar,2026-05-12,facebook-post,R. MOLDOVA,țară,1,0.766
2026-05-12_am-avut-o-discutie-substantiala-cu-presedintele-poloniei-kar,2026-05-12,facebook-post,OCDE,instituție internațională,1,0.617
2026-05-12_intalnire-de-lucru-alaturi-de-secretarul-general-al-nato-mar,2026-05-12,facebook-post,NATO,instituție internațională,3,0.935
2026-05-12_intalnire-de-lucru-alaturi-de-secretarul-general-al-nato-mar,2026-05-12,facebook-post,RUTTE,persoană politică,1,0.872
2026-05-12_intalnire-de-lucru-alaturi-de-secretarul-general-al-nato-mar,2026-05-12,facebook-post,POLONIA,țară,1,0.696
2026-05-12_intalnire-de-lucru-alaturi-de-secretarul-general-al-nato-mar,2026-05-12,facebook-post,UCRAINA,țară,1,0.5
2026-05-12_intalnire-de-lucru-alaturi-de-secretarul-general-al-nato-mar,2026-05-12,facebook-post,RUSIA,țară,1,0.679
2026-05-13_am-avut-astazi-o-intrevedere-excelenta-cu-presedintele-curti,2026-05-13,facebook-post,ROMÂNIA,țară,2,0.96
2026-05-13_le-am-urat-bun-venit-la-bucuresti-liderilor-statelor-membre,2026-05-13,facebook-post,SUA,țară,1,0.848
2026-05-13_le-am-urat-bun-venit-la-bucuresti-liderilor-statelor-membre,2026-05-13,facebook-post,UCRAINA,țară,3,0.928
2026-05-13_le-am-urat-bun-venit-la-bucuresti-liderilor-statelor-membre,2026-05-13,facebook-post,R. MOLDOVA,țară,1,0.826
2026-05-13_live-declaratii-de-presa-comune-ale-presedintelui-romaniei-n,2026-05-13,facebook-post,ROMÂNIA,țară,1,0.695
2026-05-13_live-declaratii-de-presa-comune-ale-presedintelui-romaniei-n,2026-05-13,facebook-post,NATO,instituție internațională,1,0.724
2026-05-13_live-declaratii-de-presa-comune-ale-presedintelui-romaniei-n,2026-05-13,facebook-post,RUTTE,persoană politică,1,0.961
2026-05-13_o-participare-ampla-astazi-la-bucuresti-a-statelor-din-forma,2026-05-13,facebook-post,RUSIA,țară,2,0.884
2026-05-13_o-participare-ampla-astazi-la-bucuresti-a-statelor-din-forma,2026-05-13,facebook-post,UCRAINA,țară,1,0.772
2026-05-13_o-participare-ampla-astazi-la-bucuresti-a-statelor-din-forma,2026-05-13,facebook-post,SUA,țară,1,0.778
2026-05-13_o-participare-ampla-astazi-la-bucuresti-a-statelor-din-forma,2026-05-13,facebook-post,NATO,instituție internațională,1,0.487
2026-05-13_o-participare-ampla-astazi-la-bucuresti-a-statelor-din-forma,2026-05-13,facebook-post,R. MOLDOVA,țară,1,0.915
2026-05-13_presedintele-volodimir-zelenski-a-fost-invitatul-special-al,2026-05-13,facebook-post,ROMÂNIA,țară,2,0.972
2026-05-13_presedintele-volodimir-zelenski-a-fost-invitatul-special-al,2026-05-13,facebook-post,UCRAINA,țară,2,0.965
2026-05-13_unitatea-forta-si-coerenta-trebuie-sa-ne-ghideze-in-consolid,2026-05-13,facebook-post,NATO,instituție internațională,1,0.629
2026-05-13_zi-foarte-importanta-astazi-la-palatul-cotroceni-unde-are-lo,2026-05-13,facebook-post,SUA,țară,1,0.924
2026-05-13_zi-foarte-importanta-astazi-la-palatul-cotroceni-unde-are-lo,2026-05-13,facebook-post,UCRAINA,țară,1,0.91
2026-05-14_la-summitul-b9-am-reconfirmat-un-lucru-esential-securitatea,2026-05-14,facebook-post,NATO,instituție internațională,1,0.65
2026-05-15_investitiile-in-tot-ce-tine-de-apararea-cetatenilor-nostri-a,2026-05-15,facebook-post,ROMÂNIA,țară,1,0.884
2026-05-15_investitiile-in-tot-ce-tine-de-apararea-cetatenilor-nostri-a,2026-05-15,facebook-post,SUA,țară,1,0.638
2026-05-15_live-declaratii-de-presa-sustinute-de-presedintele-romaniei,2026-05-15,facebook-post,ROMÂNIA,țară,1,0.898
