word,importance,mean_scris,mean_vorbit,ratio_vorbit_over_scris
acesta,0.12798839747610508,0.004182047867368841,0.02035452694618976,4.867119552841447
fi,0.0757390449730769,0.04626884589993686,0.07680986704389281,1.6600774354736527
că,0.06935407616495311,0.011597781668744174,0.03543960341686312,3.055722588085293
deci,0.05392904417902514,0.00021267715339758756,0.005468874038319168,25.71444064842934
și,0.04084237156372838,0.09110562091409834,0.05856656923487112,0.6428425452485788
niște,0.03531674762033361,1.7006802721088435e-05,0.00440920250206396,259.26110712136085
o,0.03256882804270702,8.503401360544217e-05,0.004729987405115164,55.62465188415433
al,0.030730298518355247,0.037151948604047594,0.01412797393815147,0.38027544904097627
ăă,0.028213562415141103,0.0,0.004105959474515722,41.05959474515722
crede,0.028062544264229612,0.0003103822796130537,0.004429051899325253,14.269667407710415
nu,0.02674371293177028,0.012938920188315885,0.026521483054177567,2.049744698025653
într,0.02130270838187149,0.0,0.002810950984884307,28.109509848843068
să,0.019739090665114888,0.03789285194380498,0.05675804253908858,1.4978561820382548
pentru,0.01716437180394361,0.039402436793924,0.025650405831165735,0.6509852668584477
la,0.016779783414476196,0.03492984667479831,0.02302382165358725,0.6591446526502738
spune,0.014737513783861338,0.0005551254634687601,0.003794304651596859,6.83503982665062
ă,0.014655220115925252,0.0,0.0022141285167776087,22.141285167776086
care,0.014256107191153831,0.034615664297205494,0.044427952450073846,1.2834638118922506
de,0.013788132114558845,0.1057877303412494,0.07452484058695603,0.704475276542509
sine,0.012860753776936129,0.016694719519496328,0.012453253322181728,0.7459396552088607
prin,0.011984254415126027,0.006710350853782042,0.0018179916563169176,0.2709234875986065
dacă,0.011585138624420923,0.0014764867454419171,0.005320516044617697,3.603497329754389
avea,0.011475415651547239,0.057063857048452196,0.06169821639669312,1.0812135664840523
pe,0.010484637664840158,0.020369269857696,0.0274960810787079,1.3498805441138195
ce,0.010001767219679962,0.004153643070999845,0.009648263388916424,2.322843639666405
un,0.009519452255542666,0.05604318864979232,0.05477286730486196,0.977333171514054
întru,0.009397470668706703,0.0041214977637186925,0.0010122886503284335,0.24561184024884164
el,0.009266087496972025,0.01620317562370885,0.021478537978557317,1.325575830155753
în,0.009264928216680124,0.06530016720900357,0.05833217907366141,0.8932929511031724
cu,0.009154952612654291,0.029333525225445144,0.020680083974524237,0.7049982508268544
eu,0.008805059613574336,0.015295094030626549,0.023023276077601237,1.5052719539677202
a,0.00823693380572709,0.01398875797783856,0.0059450105290894915,0.42498487274622726
face,0.0077987539638277635,0.0019060648773904201,0.003373202521609449,1.7697207275691877
acest,0.007692781186874047,0.016825547411568963,0.014341849683506694,0.85238532409623
tu,0.007158576449787935,0.0030865379934195093,0.004674881431545234,1.5146035595583365
acela,0.006776590520610499,0.008793754802767097,0.005735838276238313,0.6522627028938126
meu,0.00660830800268718,0.015317756370889878,0.00736840357234102,0.48103673892764465
acel,0.006198889935405778,0.00025748332035439896,0.0013937050898549478,5.412797566602209
mult,0.006121229779089134,0.004977824755730761,0.006518879309951014,1.3095839307010761
putea,0.006062620126702564,0.004969935875655006,0.005750588394065137,1.1570749679556471
din,0.0059209573045935215,0.01996340169358386,0.01738803659007189,0.8709956778388285
tot,0.005853475448778045,0.009350233439563694,0.008719127175115093,0.9325036889690692
vrea,0.005596037590591255,0.016487599592722408,0.01664588016897245,1.0095999769620743
dar,0.005499419260903599,0.0036543973397516194,0.006913033349387455,1.8917027095519166
după,0.004921110455607873,0.001675074835389028,0.0037141703334427987,2.217316059542021
între,0.004603894757432034,0.0027661629057457917,0.0024901553143544114,0.9002200518204964
dumneavoastră,0.0037446345925013524,0.00016800166311001574,0.001338744786465292,7.968640081786667
despre,0.0034851942037286868,0.00624633999687059,0.0023840802959180455,0.3816763572127786
orice,0.003483446152477625,0.0007059292969418096,0.0013583915931347792,1.9242601192775721
lui,0.003389943544677841,0.0037364257136372606,0.0029296726333795818,0.7840842714166162
ci,0.0033623282198780185,0.002541163168039756,0.0006657661436790206,0.2619926780194088
alt,0.003101471239553236,0.00200353468707655,0.002778845002599227,1.3869712466291102
dintre,0.0030998450128885725,0.004866186171958621,0.0022543711285718357,0.4632726839681229
sau,0.0030981243550385383,0.002642267098941173,0.003565658419270156,1.3494693328691147
cine,0.002956486213095932,0.0002731411356787358,0.001174644736520484,4.300504695499554
său,0.0029329587266216537,0.0031221211463891697,0.0006556953748383767,0.2100159936448042
da,0.002836545574437997,0.0006420875432718206,0.0019902497707995717,3.0996548549408964
nici_un,0.0028149569964850273,0.00033715067623341685,0.00136931349275464,4.061428878186898
mulțumesc,0.0025572072997283204,0.0009086126535601947,0.0010910577881202022,1.2007952826159058
câtva,0.002553544187460241,0.0005117118149861242,0.0008914974022023801,1.7421864731158383
cred,0.0024825236448617703,0.0002133616487851774,0.001016721970013467,4.765251748861159
însă,0.0024584131227344905,0.0008421735337494961,0.0014454737591071264,1.7163609412796883
cel,0.002395443525816197,0.005548107001519894,0.0029972020797674062,0.5402206696709938
fiecare,0.002353500987157335,0.0025386269406648346,0.0021268018107589463,0.837776428151339
veni,0.0022929022551063396,0.0003783825041510029,0.0017633373243336177,4.66019782888776
încât,0.002180573142839434,0.0011425437329596801,0.001228159063980411,1.0749339640583826
același,0.0021788311829337714,0.0017578431822943674,0.001028788392516354,0.5852560699831947
peste,0.0021655301388007553,0.0016360364650456758,0.0007952767082094242,0.48609962259442746
dori,0.0020993657848898577,0.0010175093273890044,0.0014769455272957204,1.4515302096401017
începe,0.0019877466912255615,0.0010765530377311251,0.0012059548249271454,1.1202001040921674
către,0.0019231545057849513,0.002105695334133959,0.0010801448732348517,0.5129635117319092
pune,0.0018298172727581978,0.001026372509376295,0.0009389608876077257,0.9148344085894432
ști,0.0017812111203518225,0.0005811086330303215,0.0011861167173796265,2.0411273382643698
fără,0.0017393106216207147,0.002523769057792214,0.001299861770194536,0.515047827447275
mulțumi,0.0016906127746160024,0.0011741396135748867,0.0006297559424789183,0.5363552470234004
unul,0.0016827981828850033,0.0022409295728073,0.0017594911832950005,0.7851613029903556
aduce,0.001535234826888327,0.0007241946358679626,0.00048564012190062086,0.6705933706876617
duce,0.0015237555214859253,0.00044433742196484067,0.0011022764822664676,2.4807194437782196
vorbi,0.001521462362186908,0.0003944149325385365,0.0010858348471711088,2.7530267177828436
ceva,0.0015145562356022732,7.521789467895875e-05,0.0010555336377882803,14.033012254510128
înțelege,0.0014807423460288709,0.00017384474123183756,0.0005540163521417714,3.1868456199255455
până,0.0014545784049926089,0.0017768162933286895,0.002218328282611814,1.248484883294263
privi,0.0013381418547316008,0.0007697600247273815,0.0008455756673979545,1.098492569417883
asupra,0.0012879106065320325,0.001969107965831563,0.0003310079450467348,0.16810045502352566
privind,0.0012814186103686958,0.0016971840451778788,0.00016471737159550243,0.09705333494237432
vedea,0.0011646863033121177,0.0005865800249199289,0.0008823642827943049,1.5042521826663837
cineva,0.0011006168009235482,0.00012382145840792458,0.0004621161257674696,3.732116643668075
rămâne,0.000945264723987528,0.002450320774371833,0.0006110785555108481,0.24938716673432476
celălalt,0.0008474927462371849,0.0005269150518373551,0.0006129080212742849,1.1632008217208294
altul,0.0007901505653869417,0.0005319632868245487,0.0011503500768685062,2.162461405438892
ține,0.000672925906362798,0.0005021086050567866,0.0007668193872322908,1.5271982585233057
exista,0.0006100784511961294,0.00016939622169214008,0.0005935148026731461,3.5037074424941848
părea,0.0005291891287271066,0.00011251878373727114,0.000491015887440921,4.3638570479701615
nimic,0.0005158388444317958,0.00038258269487703576,0.00035948857632293256,0.9396362698487296
lua,0.0005146470119836436,0.00045789245772588253,0.0006342639564066915,1.3851810522426071
anumit,0.0004599519939364835,0.00021539618962890597,0.0006200205625904836,2.878512213510751
fie,0.0004398397188439514,0.0006852068803488464,0.00044174110703277224,0.6446828245622358
vreun,0.00042033153208773766,0.00022051197179182223,0.0006170927390313585,2.798454587372402
răspunde,0.0003262064165365594,0.00021363644809631248,0.0005426482411212227,2.540054592541174
n,0.0003055053886440858,0.0,0.0003514281423171502,3.514281423171502
